CMPD_CHEMBLID,exp,smiles
CHEMBL2147569,52.48,C[C@]12Cc3cnn(c3C=C1CC[C@@]2(O)CCc4ccc(F)cc4C(=O)N)c5ccc(F)cc5
CHEMBL2348651,150,CNc1nc(C)c(s1)c2nc(Nc3cccc(c3)N4CCCN(CC4)C(=O)C)ncc2C#N
CHEMBL2023489,23.44,COc1ccc2c(Oc3ccc(CC(=O)Nc4cn(C)nc4C)c(OC)c3)ccnc2c1
CHEMBL1486510,150,CCOC(=O)c1c(C)n(Cc2occc2)c3ccc(O)cc13
CHEMBL2070942,150,CC(C)(C)c1csc(n1)N2CCN(CC2)C(=O)[C@@H]3CCCC[C@H]3C(=O)NC4(CC4)C#N
CHEMBL1689125,20,C[C@@H]1CN(Cc2cc(Cl)ccc2OCC(=O)O)C[C@H](C)N1C(=O)Cc3ccccc3
CHEMBL2059910,3,CNC(=O)Nc1nc2ccc(cn2n1)c3cncc(c3)S(=O)(=O)NC(C)(C)C
CHEMBL1938400,70.79,CC(C)(C)c1cc(NC(=O)NCc2ccccc2Sc3ccc4nnc(c5ccccc5SCCO)n4c3)n(n1)c6ccc(O)c(Cl)c6
CHEMBL415506,125.89,CCOC(=O)c1c(nc2ccc(C)cn12)c3ccccc3
CHEMBL2177601,3,Cc1c(cnn1c2ccc(cc2)C(=O)O)C(=O)NC3C4CC5CC(CC3C5)C4
CHEMBL2314383,30.9,CC(C)c1ccc(Sc2cnc(O)c(c2)C(=O)NCc3ccccc3)cc1
CHEMBL413,150,CO[C@@H]1C[C@H](C[C@@H](C)[C@@H]2CC(=O)[C@H](C)\C=C(/C)\[C@@H](O)[C@@H](OC)C(=O)[C@H](C)C[C@H](C)\C=C\C=C\C=C(/C)\[C@H](C[C@@H]3CC[C@@H](C)[C@@](O)(O3)C(=O)C(=O)N4CCCC[C@H]4C(=O)O2)OC)CC[C@H]1O
CHEMBL143305,150,Cc1cc(CCCOc2c(Cl)cc(cc2Cl)C3=NCCO3)on1
CHEMBL2216839,54.95,C[C@@H]1CN(Cc2oc(nn2)c3cc(cc4[nH]ncc34)c5cccc6[nH]ccc56)C[C@H](C)O1
CHEMBL2097971,150,COc1ccc2nc(C)cc(OCC(=O)Nc3ccccc3OC)c2c1
CHEMBL1916273,51,CC(C)NC(=O)c1c(C)nn(c1NS(=O)(=O)c2ccc(C)cc2)c3ccccc3
CHEMBL2171277,150,Cc1ccc(NC(=O)[C@H]2CCCN2S(=O)(=O)c3cccc4cccnc34)c(C)c1
CHEMBL435859,3,OB1N(C(=Nc2ccccc12)S)c3cccnc3
CHEMBL377957,83.18,COc1ccc(C)c(Nc2ncc3ccn(c4ccccn4)c3n2)c1
CHEMBL1947157,78,O[C@@H](CNCCc1cccc(CNCCc2c(Cl)cccc2Cl)c1)c3ccc(O)c4NC(=O)Sc34
CHEMBL1945035,107,O[C@@H](CNCCc1ccccc1CNCCc2ccccc2F)c3ccc(O)c4NC(=O)Sc34
CHEMBL1689135,3,C[C@H]1CN(Cc2cc(Cl)ccc2CC(=O)O)CCN1C(=O)Cc3ccc(Cl)cc3
CHEMBL2107486,150,C[C@@H](O)[C@@H]1[C@H]2[C@@H](C)C(=C(N2C1=O)C(=O)OCOC(=O)C(C)(C)C)SC3CN(C3)C4=NCCS4
CHEMBL1090089,3,CN1C(=O)C(=Cc2cnc(NC(CCO)CCO)nc12)Oc3ccc(F)cc3F
CHEMBL1917433,5,Cc1c(Sc2ccc(Cl)cc2)c3c(NS(=O)(=O)C)cccc3n1CC(=O)O
CHEMBL1945883,139,Oc1cccc2ccc(nc12)C(=O)Nc3ccccc3
CHEMBL101,8.71,CCCCC1C(=O)N(N(C1=O)c2ccccc2)c3ccccc3
CHEMBL1951032,6.31,COc1c(Nc2ccc(nc2C)S(=O)(=O)C)ncnc1OC3CCN(CC3)C(=O)OC(C)C
CHEMBL2181927,26.92,CCOc1ncc(C)c2NC(=C([C@@H](c3ccc(cc3OC)C#N)c12)C(=O)N)C
CHEMBL389792,7,CC(CO)(CO)Nc1nc(SCc2cccc(F)c2F)nc3nc(N)sc13
CHEMBL2059909,20,CC(C)(C)NS(=O)(=O)c1cncc(c1)c2ccc3nc(N)nn3c2
CHEMBL472658,150,Oc1ccc(C(=O)N2CCCC2)c(O)c1
CHEMBL1643194,15,Cc1cc(CN2Cc3ccccc3C2C(=O)Nc4ccc(Cl)cc4Cl)ccc1OCC(=O)O
CHEMBL1575409,150,COc1ccc(CNC(=O)CSc2nc3cccnc3s2)cc1
CHEMBL3144574,4.37,O=C1N(Cc2c[nH]c3ccccc23)Nc4ccccc14
CHEMBL2179282,69.18,CCC(C)(CC)C[C@@H](N1CCC[C@@H](C1)N2C=C(C)C(=O)NC2=O)c3ccc(C(=O)O)c(Oc4cccc(Br)c4)c3
CHEMBL1904754,129,Cc1nc2ncnn2c(O)c1CCOC(=O)c3ccccc3F
CHEMBL223713,150,CCc1cccc2c3cc4OCOc4cc3CN(C)c12
CHEMBL1917426,34,Cc1c(Sc2ccc(Cl)cc2)c3cc(F)ccc3n1CC(=O)O
CHEMBL71,150,CN(C)CCCN1c2ccccc2Sc3ccc(Cl)cc13
CHEMBL2331749,89.13,CC1=CN([C@H]2CCCN(C2)S(=O)(=O)c3ccc(O)c(Oc4ccc(Cl)cc4)c3)C(=O)NC1=O
CHEMBL1689116,3,OC(=O)COc1ccc(Cl)cc1CN2CCC(CC2)S(=O)(=O)c3ccccc3
CHEMBL1078178,5.13,O=C(NCC#N)c1ccc(cc1)c2ccnc(Nc3ccc(cc3)N4CCOCC4)n2
CHEMBL1778639,4,CCS(=O)(=O)c1ccc(c(C)c1)c2cc(ccc2OCC(=O)O)C(F)(F)F
CHEMBL1240967,37,CC(C)(Cc1cccc(CC(=O)NCc2cccc(c2)c3ccc(O)cc3)c1)NC[C@H](O)c4ccc(O)c(NS(=O)(=O)C)c4
CHEMBL1916277,17,CC1CCCCC1NC(=O)c2c(C)nn(c2NS(=O)(=O)c3ccc(C)cc3)c4ccccc4
CHEMBL38182,69,Brc1ccccc1NC(=O)Nc2ccc(C#N)c3[nH]nnc23
CHEMBL217354,3,CC(C)c1ccccc1Cc2cc(C(=O)Nc3ccc(cc3)S(=O)(=O)c4ccccc4C(C)(C)C)c(O)c(O)c2O
CHEMBL2158793,10.63,Cc1cc(F)ccc1OC2CCN(CC3CCN(CC3)[C@@](C)(Cc4ccc(F)cc4)C(=O)O)CC2
CHEMBL1470412,95.5,Cc1onc(NC(=O)Nc2cccc3ccccc23)c1
CHEMBL650,150,C[C@H]1C[C@H]2[C@@H]3CC[C@](O)(C(=O)CO)[C@@]3(C)C[C@H](O)[C@@H]2[C@@]4(C)C=CC(=O)C=C14
CHEMBL1689136,3,C[C@H]1CN(Cc2cc(Cl)ccc2CCC(=O)O)CCN1C(=O)Cc3ccccc3
CHEMBL1934416,3,COCC(C)n1nc(C)c(C(=O)N[C@@H](C)C(C)(C)C)c1NS(=O)(=O)c2ccc(C)cc2
CHEMBL250961,150,Cc1ccc(F)cc1S(=O)(=O)N[C@@H]2CCN(Cc3ccc(cc3)c4ccccc4)C2
CHEMBL1683035,16,COc1cc2nnc(C(=O)N)c(Nc3ccc(F)cc3F)c2cc1N4CCN(C)CC4
CHEMBL1672,3,COCC1=C(N2[C@H](SC1)[C@H](NC(=O)\C(=N/OC)\c3csc(N)n3)C2=O)C(=O)O
CHEMBL1241590,69.18,CS(=O)(=O)c1ccc(cc1)[C@@H](O)[C@@H](CF)NC(=O)C(Cl)Cl
CHEMBL2035040,5.13,NC(=O)c1cnc(c2ccc(cc2)C3(N)CCC3)c(c1)c4ccccc4
CHEMBL489,56.23,CC\C(=C(/c1ccc(O)cc1)\c2ccc(OCCN(C)C)cc2)\c3ccccc3
CHEMBL507674,3,CCN1CCN(C(=O)N[C@@H](C(=O)N[C@H]2[C@H]3SCC(=C(N3C2=O)C(=O)O)CSc4nnnn4C)c5ccc(O)cc5)C(=O)C1=O
CHEMBL361546,14.79,ON1C(=O)N(CC2COc3ccccc3O2)c4ccsc4C1=O
CHEMBL1605684,150,CC(=O)C1=CN(Cc2ccccc2)C(=O)N(Cc3ccc(F)cc3)C1=O
CHEMBL108922,26,CCO\N=C\c1ccc(OCCC2CCN(CC2)c3ccc(C)nn3)cc1
CHEMBL1477,10,COCc1c(nc(C(C)C)c(\C=C\[C@@H](O)C[C@@H](O)CC(=O)O)c1c2ccc(F)cc2)C(C)C
CHEMBL1773254,150,OC(=O)CCc1ccc(OCc2cccc(Br)c2)cc1
CHEMBL20210,150,CCOC(=O)\C=C\[C@H](C[C@@H]1CCNC1=O)NC(=O)[C@@H](CC(=O)[C@@H](NC(=O)c2cc(C)on2)C(C)C)Cc3ccc(F)cc3
CHEMBL277474,3,CN1N(C(=O)C=C1C)c2ccccc2
CHEMBL900,150,CN(C)CCOC(c1ccccc1)c2ccccc2C
CHEMBL379350,150,CCN(CC)c1ccc2C=C(C(=O)C)C(=O)Oc2c1
CHEMBL2171999,3,C[C@@H]1CN(CCN1C(=O)[C@@H]2CCCC[C@H]2C(=O)NC3(CC3)C#N)c4ccc5c(c4)c(C)nn5C
CHEMBL2165066,16.6,F[C@H]1CN(CCN2C(=O)C=Cc3ccc(cc23)C#N)CC[C@H]1NCc4ccc5OCC(=O)Nc5n4
CHEMBL2348645,150,CNc1nc(C)c(s1)c2nc(Nc3cccc(c3)N4CCCCC4)ncc2C#N
CHEMBL2179284,42.66,CC1=CN([C@H]2CCCN(C2)[C@H](CC3CCCCC3)c4ccc(C(=O)O)c(Oc5cccc(Cl)c5)c4)C(=O)NC1=O
CHEMBL2018964,13,COc1cccc2c1c(NS(=O)(=O)c3ccc(Cl)s3)nn2Cc4cccc(CNC(=O)C)c4
CHEMBL258282,13.49,CN1CCN(CCOc2n[nH]c3ncnc(Nc4ccc(OCc5ccccn5)c(Cl)c4)c23)CC1
CHEMBL1916546,35.48,COc1cc2N(CCN3CCC(CC3)NCc4cc5OCCOc5cn4)C(=O)C=Cc2cn1
CHEMBL2178579,41.35,Oc1c(NC(=O)Nc2cccc(F)c2Cl)ccc(Cl)c1S(=O)(=O)N3CCNCC3
CHEMBL443684,9.77,CC1(C)CCC(=C(CN2CCN(CC2)c3ccc(cc3)C(=O)NS(=O)(=O)c4ccc(N[C@H](CCN5CCOCC5)CSc6ccccc6)c(c4)S(=O)(=O)C(F)(F)F)C1)c7ccc(Cl)cc7
CHEMBL2181928,52.48,C[C@@H]1CN([C@@H](CO1)c2ccccc2)c3ccc4OCC(=O)Nc4n3
CHEMBL426823,4,CCOc1oc2cc(OCCC3CCN(CC3)c4ccc(C)nn4)ccc2n1
CHEMBL1536083,150,CCOC(=O)CN(c1ccccc1C)S(=O)(=O)c2ccc(Cl)cc2
CHEMBL1689119,3,C[C@H]1CN(Cc2cc(Cl)ccc2OCC(=O)O)CCN1S(=O)(=O)c3ccccc3
CHEMBL1944691,22,O[C@@H](CNCCc1cccc(CNCCc2ccccc2F)c1)c3ccc(O)c4NC(=O)Sc34
CHEMBL1232461,10.23,CCNC(=O)C[C@@H]1N=C(c2ccc(Cl)cc2)c3cc(OC)ccc3n4c(C)nnc14
CHEMBL323776,140,CN(CCNCCc1ccc(O)c2nc(O)sc12)C(=O)CCOCCc3ccccc3
CHEMBL360227,56.23,CCN(CC)CCN1C(=O)[C@@](O)(c2ccccc2Cl)c3c1cc(cc3C(F)(F)F)C(=O)N
CHEMBL2031556,44.67,O=C(Nc1cccc(c1)c2nnn[nH]2)c3cccc4[nH]cnc34
CHEMBL2070938,36.31,O=C(NC1(CC1)C#N)[C@@H]2CCCC[C@H]2C(=O)N3CCN(CC3)c4nccs4
CHEMBL2207669,15,O[C@H](CNC(=O)C1=CNC(=O)c2ccccc12)CN3CCC(CC3)Oc4ccc(C#N)c(Cl)c4
CHEMBL1091678,3,CC(C)C[C@@H]1NC(=O)[C@@H](Cc2ccccc2)NC(=O)[C@H](CCN)NC(=O)[C@H](CCNC(=O)[C@@H](NC(=O)[C@H](CCN)NC(=O)[C@H](CCN)NC1=O)[C@@H](C)O)NC(=O)[C@H](CCN)NC(=O)[C@@H](NC(=O)[C@H](CCN)NC(=O)C)[C@@H](C)O
CHEMBL2018969,25,COc1cccc2c1c(NS(=O)(=O)c3ccc(Cl)s3)nn2Cc4cccc(CNC(=O)C(C)(C)O)c4
CHEMBL240317,150,O=C(N1CCN(Cc2ccccc2)CC1)c3ccccc3
CHEMBL1921939,77,C[C@@](N1CCCCC1)(C(=O)O[C@H]2C[N+]3(CCOCCc4ccccc4)CCC2CC3)c5ccccc5
CHEMBL370657,7.94,Cn1c(nnc1C23CCC(CC2)(CC3)c4noc(n4)c5ccc(F)cc5)c6ccccc6C(F)(F)F
CHEMBL212689,5.79,CCN(C1CCN(CC[C@H](c2ccc(cc2)S(=O)(=O)C)c3cc(F)cc(F)c3)CC1)C(=O)Cc4ccc(cc4)S(=O)(=O)C
CHEMBL403313,3,CN(C)S(=O)(=O)NC(=O)CCCc1c([nH]c2ccc(cc12)C#N)c3ccc(F)cc3
CHEMBL1399574,4.17,CCOc1ccc(NC(=O)CCc2c(C)nc3nc(C)nn3c2C)cc1
CHEMBL1916275,21,CN(C1CCCCC1)C(=O)c2c(C)nn(c2NS(=O)(=O)c3ccc(C)cc3)c4ccccc4
CHEMBL1448843,64.57,O=C(CSc1ccccc1)N2CCN(CC2)C(=O)c3occc3
CHEMBL421604,105,CS(=O)(=O)Nc1ccc(CCOCCCS(=O)(=O)CCNCCc2ccc(O)c3nc(O)sc23)cc1
CHEMBL1425658,150,C(N1CCN(CC1)c2nc3ccccc3s2)c4nnnn4Cc5cccs5
CHEMBL2048873,8.91,N[C@@H]1CCCN(C1)c2c(\C=C\3/SC(=O)NC3=O)cccc2c4ccncc4
CHEMBL1513,9.01,CCCCC1=NC2(CCCC2)C(=O)N1Cc3ccc(cc3)c4ccccc4c5nn[nH]n5
CHEMBL339053,40.74,Clc1ccc(C[C@@H](NC(=O)[C@H]2Cc3ccccc3CN2)C(=O)N4CCC(Cn5cncn5)(CC4)C6CCCCC6)cc1
CHEMBL62136,14.13,OC(c1ccc(cc1)N(CC(F)(F)F)S(=O)(=O)c2ccccc2)(C(F)(F)F)C(F)(F)F
CHEMBL440405,14.3,CS(=O)(=O)NC(=O)CCCc1c([nH]c2ccc(cc12)C#N)c3ccc(F)cc3
CHEMBL1534781,150,COc1cnc(nc1N(C)c2ccccc2)c3ccccn3
CHEMBL469728,59,COc1ccc(N(C(C(=O)NC[C@@H](C)O)c2ccccc2F)C(=O)c3occc3Cl)c(OC)c1
CHEMBL1689120,7.48,C[C@@H]1CN(Cc2cc(Cl)ccc2OCC(=O)O)CCN1S(=O)(=O)c3ccccc3
CHEMBL2331752,74.13,CC1=CN([C@H]2CCCN(C2)S(=O)(=O)c3ccc(O)c(Oc4cc(F)cc(Cl)c4)c3)C(=O)NC1=O
CHEMBL272705,61,C[C@H](CO)Nc1nc(SCc2occc2)nc3NC(=O)Sc13
CHEMBL1945033,10,O[C@@H](CNCCc1cccc(CNCCc2ccccn2)c1)c3ccc(O)c4NC(=O)Sc34
CHEMBL1916286,15,C[C@H](NC(=O)c1c(C)nn(c1NS(=O)(=O)C2CCCCC2)c3ccccc3)C(C)(C)C
CHEMBL2103840,150,CCc1cnn2c(NCc3ccc[n+]([O-])c3)cc(nc12)N4CCCC[C@H]4CCO
CHEMBL1269858,51.29,CN(c1ccnc(Nc2cc(cc(c2)N3CCOCC3)N4CCOCC4)n1)c5cccc6[nH]ncc56
CHEMBL2331843,112.2,CCc1[nH]c2nc(Sc3cnc4ccc[n+]([O-])c4c3)nc(N5CC[C@@H](N)C5)c2c1Cl
CHEMBL2107366,25.7,C[C@H](C1=CNC(=S)N1)c2cccc(C)c2C
CHEMBL1473,107.15,CCC(=O)O[C@@]1([C@H](C)C[C@H]2[C@@H]3C[C@H](F)C4=CC(=O)C=C[C@]4(C)[C@@]3(F)[C@@H](O)C[C@]12C)C(=O)SCF
CHEMBL2017974,15.85,Nc1cc(c(cn1)c2cc(nc(n2)N3CCOCC3)N4CCOCC4)C(F)(F)F
CHEMBL1921936,66,C[C@@](N1CCCCC1)(C(=O)O[C@H]2C[N+]3(CCCOc4ccc(F)cc4)CCC2CC3)c5ccccc5
CHEMBL1770477,46,CCOc1ccc2oc(C(=O)NC(CCSC)c3nc4ncccc4[nH]3)c(C)c2c1
CHEMBL165790,109.65,CC(C)Oc1ccc2C(=O)C(=COc2c1)c3ccccc3
CHEMBL2326864,12.88,CC(=O)Nc1nc(CCc2ccc(NC(=N)N)cc2)cs1
CHEMBL2158051,16.98,CN[C@@H](C)C(=O)N[C@H]1CN(CC[C@H]2CC[C@H](N2C1=O)C(=O)NC(c3ccccc3)c4ccccc4)C(=O)CC(C)C
CHEMBL1235773,72.44,COc1ccc2ncc(C#N)c(CCN3CCC(CC3)NCc4cc5SCOc5cn4)c2c1
CHEMBL1689124,10,CCC[C@H]1CN(Cc2cc(Cl)ccc2OCC(=O)O)CCN1S(=O)(=O)c3ccccc3
CHEMBL1020,7.33,Cc1ccc(cc1)C(=O)c2ccc(CC(=O)O)n2C
CHEMBL2152252,19.95,CNC(=O)c1nc(cnc1N)c2ccc(Cl)c(c2)S(=O)(=O)Nc3cccc(F)c3F
CHEMBL408194,22.39,COC1=CC(=N/C/1=C\c2[nH]c(C)cc2C)c3cc4ccccc4[nH]3
CHEMBL110861,150,Oc1ccc(CCNCCOCCCOCCc2ccccc2)c3sc(O)nc13
CHEMBL553,9.77,COCCOc1cc2ncnc(Nc3cccc(c3)C#C)c2cc1OCCOC
CHEMBL82663,91,Oc1ccc(CCNCCS(=O)(=O)CCCOCCc2ccccc2)c3sc(O)nc13
CHEMBL1643349,3,CC1(C)C(=O)Nc2ccccc12
CHEMBL2158829,3,OC(=O)COc1cccc(c1)N2CCC(CN3CCC(CC3)Oc4ccc(Cl)c(Cl)c4)CC2
CHEMBL1526668,150,O=C(N1CCCCC1)c2csc3CCCCc23
CHEMBL416,52,COc1c2OC(=O)C=Cc2cc3ccoc13
CHEMBL1689126,4,C[C@H]1CN(Cc2cc(Cl)ccc2OCC(=O)O)CCN1C(=O)Cc3ccccc3
CHEMBL1610669,150,CC(C)CCOc1ccc(N)cc1
CHEMBL2158780,3,Cc1cc(Cl)ccc1OC2CCN(CC3CCN(CC3)[C@@H](Cc4ccc(F)cc4)C(=O)O)CC2
CHEMBL168634,6.17,Cc1ccc(cc1)S(=O)(=O)N2N=Cc3ccccc3B2O
CHEMBL562551,150,COc1cc(NC(=O)c2ccccn2)ccc1Cl
CHEMBL1684984,5.37,CS(=O)(=O)N1CCc2c1nc(nc2c3cnc(N)nc3)N4CCOCC4
CHEMBL217899,73,CCc1nn(C2CCCC2)c3c1CCn4c(nnc34)c5cccs5
CHEMBL479,114,CSc1ccc2Sc3ccccc3N(CCC4CCCCN4C)c2c1
CHEMBL1770298,70,Cc1ccc(s1)C(NC(=O)c2ccccc2O)C(=O)Nc3c(C)cccc3C
CHEMBL1091289,3,CCCCCCCC(=O)N[C@@H](CCN)C(=O)N[C@@H]([C@@H](C)O)C(=O)N[C@@H](CCN)C(=O)N[C@H]1CCNC(=O)[C@@H](NC(=O)[C@H](C)NC(=O)[C@H](CCN)NC(=O)[C@H](CC(C)C)NC(=O)[C@@H](Cc2ccccc2)NC(=O)[C@H](CCN)NC1=O)[C@@H](C)O
CHEMBL2170992,109.65,CC(C)c1ccc(NC(=O)NCCCSC[C@H]2O[C@H]([C@H](O)[C@@H]2O)n3cnc4c(N)ncnc34)cc1
CHEMBL1526762,3,Cc1cc(C)nc(SCC(=O)N)n1
CHEMBL1263,85,OCc1cc(ccc1O)C(O)CNCCCCCCOCCCCc2ccccc2
CHEMBL2070946,5.25,O=C(NC1(CC1)C#N)[C@@H]2CCCC[C@H]2C(=O)N3CCN(CC3)c4ncc(C#N)s4
CHEMBL550436,29,C[C@H](CO)N1C=Cc2c(NC(=O)Cc3ccc(Cl)c(c3)C(F)(F)F)cccc2C1=O
CHEMBL256963,19.05,Clc1ccc2ncc(c3cccc(NC4CNC4)n3)n2c1
CHEMBL1987793,123.03,Cc1ccccc1c2c(C(=O)O)n(CCCOc3cccc4ccccc34)c5ccccc25
CHEMBL1807817,150,O[C@@H](CNCCSCCCOCCc1ccccc1)c2ccc(O)c3NC(=O)Sc23
CHEMBL559968,8,Clc1ccccc1CCNC(=O)c2cc(ccc2Cl)N3N=CC(=O)NC3=O
CHEMBL298019,150,CCOC(=O)c1ccc(OCCC2CCN(CC2)c3ccc(C)nn3)cc1
CHEMBL397983,20,CCOc1ccc(cc1)N2C(=O)c3cccnc3N=C2[C@@H](C)N(Cc4cccnc4)C(=O)Cc5ccc(OC(F)(F)F)cc5
CHEMBL2018954,31,COc1ccc(COc2nc(Br)cnc2NS(=O)(=O)c3ccc(C)cc3)cc1OCCN(C)C
CHEMBL1688458,97.72,OC(=O)CCc1ccc(OCc2cccc(Oc3ccccc3)c2)cc1
CHEMBL2103846,150,CN(C)c1ccc(cc1)[C@H]2C[C@@]3(C)[C@@H](CC[C@]3(O)C(=O)C)[C@@H]4CCC5=CC(=O)CCC5=C24
CHEMBL1294,72.44,COc1ccc2nccc([C@H](O)[C@H]3C[C@@H]4CCN3C[C@@H]4C=C)c2c1
CHEMBL1824041,8.51,O=C1COc2ccc(CNC3CCN(CCN4C(=O)COc5ccc(cc45)C#N)CC3)nc2N1
CHEMBL1934423,3,C[C@H](NC(=O)c1c(C)nn(C2CCOC2)c1NS(=O)(=O)c3ccc(C)cc3)C(C)(C)C
CHEMBL1689127,3,C[C@H]1CN(Cc2cc(Cl)ccc2OCC(=O)O)CCN1C(=O)Cc3ccc(F)cc3
CHEMBL2105717,3.16,COc1cc2nccc(Oc3ccc(NC(=O)C4(CC4)C(=O)Nc5ccc(F)cc5)cc3)c2cc1OC
CHEMBL1689110,3,OC(=O)COc1ccc(cc1CN2CCN(CC2)S(=O)(=O)c3ccccc3)C(F)(F)F
CHEMBL379787,150,[O-][N+](=O)c1cccc(c1)C(=O)Nc2nc3ccccc3n2CCN4CCOCC4
CHEMBL2164678,41.41,Fc1ccc2[nH]c3CCN(Cc3c2c1)C(=O)[C@@H]4CCCC[C@H]4C(=O)NC5(CC5)C#N
CHEMBL1091644,16.98,C[C@@]1(O)C[C@@H](C1)c2nc(c3ccc4ccc(nc4c3)c5ccccc5)c6c(N)nccn26
CHEMBL53366,46,Cc1nccn1CCC(C(=O)N)(c2ccccc2)c3ccccc3
CHEMBL1921919,36.08,Cc1cc(CCC[N+]23CCC(CC2)[C@H](C3)OC(=O)[C@@](C)(N4CCCCC4)c5ccccc5)ccn1
CHEMBL1921923,66,C[C@@](N1CCCCC1)(C(=O)O[C@H]2C[N+]3(CCCc4cncnc4)CCC2CC3)c5ccccc5
CHEMBL402986,3,C[C@H](CO)Nc1nc(SCc2ccccc2)nc3NC(=O)Sc13
CHEMBL1782167,21,Cc1ccc(cc1c2ccc(nc2)C(=O)NCC3CC3)C(=O)NC4CC4
CHEMBL1944694,29,COc1ccccc1CCNCc2ccc(CCNC[C@H](O)c3ccc(O)c4NC(=O)Sc34)cc2
CHEMBL1090090,3,NC(=O)N(c1ccc(C(=O)N)c(n1)c2ccc(F)cc2F)c3c(F)cccc3F
CHEMBL2177621,12.3,CSc1c(cnn1c2ccc(cc2)C(=O)O)C(=O)NC3C4CC5CC(CC3C5)C4
CHEMBL1934418,5,C[C@H](NC(=O)c1c(C)nn(C2CCSCC2)c1NS(=O)(=O)c3ccc(C)cc3)C(C)(C)C
CHEMBL1089773,14.45,CN1CCN(CC1)c2ccc(cc2)c3cnc4cccc(c5cc(F)c(CN6CCOCC6)c(F)c5)c4n3
CHEMBL190243,6,C[C@@H](C(=O)NCCN1CCCC1)c2ccc(OS(=O)(=O)C(F)(F)F)cc2
CHEMBL2158783,13.78,Cc1c(Cl)ccc(OC2CCN(CC3CCN(CC3)[C@@H](Cc4ccc(F)cc4)C(=O)O)CC2)c1Cl
CHEMBL1221681,108,O[C@@H](CN[C@H]1CCC[C@@H]1OCc2ccccc2)c3ccc(O)c4NC(=O)Sc34
CHEMBL1644374,150,O(c1ccccc1)c2nccc3ccccc23
CHEMBL1963462,128,C[C@@](C1CCCC1)(C(=O)OC2CC[N+](C)(C)CC2)c3ccccc3
CHEMBL1829763,3,C[C@H](N1CC[C@@](CCO)(OC1=O)c2ccc(F)cc2)c3ccc(cc3)c4ccc(F)cc4F
CHEMBL1934421,3,C[C@H](NC(=O)c1c(C)nn(C2CCN(CC(F)(F)F)CC2)c1NS(=O)(=O)c3ccc(C)cc3)C(C)(C)C
CHEMBL91428,3,COc1cc2ncnc(Nc3cc4ccccc4cn3)c2cc1OC
CHEMBL1945291,33,COc1ccccc1CN(C)Cc2cccc(CCNC[C@H](O)c3ccc(O)c4NC(=O)Sc34)c2
CHEMBL1069,3,CCCCC(=O)N(Cc1ccc(cc1)c2ccccc2c3nnn[nH]3)[C@@H](C(C)C)C(=O)O
CHEMBL1950720,10.47,CN[C@@H](C)C(=O)N[C@@H](C1CCCCC1)C(=O)N2CC[C@H]3CCN(CCc4ccccc4)C[C@@H]23
CHEMBL1929039,28.18,Cc1cc(F)ccc1n2nc(cc2c3ccc4OCC(=O)Nc4c3)C(F)(F)F
CHEMBL521809,100,O=C(N1CCN(CC1)c2ncccn2)c3cccc(CC4=NNC(=O)c5ccccc45)c3
CHEMBL173706,150,CC(C)(C)NCC(O)COc1nsnc1N2CCOCC2
CHEMBL1916086,40,Cc1ccc(cc1)S(=O)(=O)Nc2c(cnn2c3ccccc3)C(=O)NCc4ccccc4
CHEMBL1081917,43.43,Cc1cc(CN(CC(=O)Nc2ccc(Cl)cc2Cl)C3CCCCC3)ccc1OCC(=O)O
CHEMBL1921925,65,C[C@@](N1CCCCC1)(C(=O)O[C@H]2C[N+]3(CCCc4cc5ccccc5s4)CCC2CC3)c6ccccc6
CHEMBL1082724,7.24,C[C@@H]1Cc2c([nH]c3cc(Cl)c(F)cc23)[C@]4(N1)C(=O)Nc5ccc(Cl)cc45
CHEMBL1689122,7,CC1CN(CCN1Cc2cc(Cl)ccc2OCC(=O)O)S(=O)(=O)c3ccccc3
CHEMBL346886,45.71,Cc1cccc2c(O)nc(nc12)c3ccc(cc3)C(F)(F)F
CHEMBL1290284,138.04,COc1cc(cc(OC)c1O)C(=O)OCCCCNC(=N)N
CHEMBL1916282,12.15,C[C@H](NC(=O)c1c(C)nn(c1NS(=O)(=O)c2ccc(C)cc2)c3ccccc3)C(C)(C)C
CHEMBL193,150,COC(=O)C1=C(C)NC(=C(C1c2ccccc2[N+](=O)[O-])C(=O)OC)C
CHEMBL11,150,CN(C)CCCN1c2ccccc2CCc3ccccc13
CHEMBL1916261,56,CCC(CC)NC(=O)c1nnn(c1NS(=O)(=O)c2ccc(C)cc2)c3ccccc3
CHEMBL2086477,32.36,C=CC(=O)Nc1ccccc1
CHEMBL552512,3,O=C(CC1CCCCCC1)Nc2cccc3C(=O)N(C=Cc23)[C@H]4CCNC4
CHEMBL1078,3,CC(C)n1c(\C=C\[C@@H](O)C[C@@H](O)CC(=O)O)c(c2ccc(F)cc2)c3ccccc13
CHEMBL376408,9.55,CN(C)CC[C@H](CSc1ccccc1)Nc2ccc(cc2[N+](=O)[O-])S(=O)(=O)NC(=O)c3ccc(cc3)N4CCN(Cc5ccccc5c6ccc(Cl)cc6)CC4
CHEMBL1484,150,COC(=O)C1=C(C)NC(=C(C1c2cccc(c2)[N+](=O)[O-])C(=O)OCCN(C)Cc3ccccc3)C
CHEMBL2312185,19.5,CNc1nc(C)c(s1)c2nc(Nc3cccc(c3)N4CCCNCC4)ncc2C#N
CHEMBL196707,3,Cc1c(CC(=O)O)c2cc(F)ccc2n1S(=O)(=O)c3ccc(cc3)S(=O)(=O)C
CHEMBL2035017,147.91,NC1(CCC1)c2ccc(cc2)c3nc4ccccc4cc3c5ccccc5
CHEMBL1934417,9.9,COCCC(C)n1nc(C)c(C(=O)N[C@@H](C)C(C)(C)C)c1NS(=O)(=O)c2ccc(C)cc2
CHEMBL1209914,30.9,CC(=O)N1N=C(CC1c2ccc(C)cc2)c3ccc(Br)cc3
CHEMBL1198335,150,COc1cccc(Nc2nc(NCC3CCCO3)c4ccccc4n2)c1
CHEMBL2098183,120.23,COc1ccc2nc(C)cc(OCC(=O)NCc3ccccc3)c2c1
CHEMBL1072,144.54,CCCCNc1cc(cc(c1Oc2ccccc2)S(=O)(=O)N)C(=O)O
CHEMBL72,150,CNCCCN1c2ccccc2CCc3ccccc13
CHEMBL2151326,27.54,COc1cc(Nc2nc3c(cc2F)ncn3[C@@H](CO)c4ccc(F)cn4)n[nH]1
CHEMBL512504,52.48,OC1=C(C#N)C(=O)Nc2scc(c3ccc(cc3)c4ccccc4O)c12
CHEMBL560423,3,OC1(CNC(=O)c2cc(ccc2Cl)N3N=CC(=O)NC3=O)CCCCCC1
CHEMBL496929,63.1,OCCc1ccc(NC(=O)c2cc3cc(Cl)ccc3[nH]2)cc1
CHEMBL2070950,6.61,O=C(NC1(CC1)C#N)[C@@H]2CCCC[C@H]2C(=O)N3CCN(CC3)c4nc5ccncc5s4
CHEMBL1771,137,COC(=O)[C@@H](N1CCc2sccc2C1)c3ccccc3Cl
CHEMBL551707,13,Clc1ccc2nc(ccc2c1C(=O)NCC34CC5CC(CC(C5)C3)C4)N6CCC[C@@H](C6)NCCc7nnn[nH]7
CHEMBL505,23,CN(C)CCC(c1ccc(Cl)cc1)c2ccccn2
CHEMBL1944692,14,O[C@@H](CNCCc1ccc(CNCCc2ccccc2F)cc1)c3ccc(O)c4NC(=O)Sc34
CHEMBL1921931,60,C[C@@](N1CCCCC1)(C(=O)O[C@H]2C[N+]3(CCOc4ccc(Cl)cc4)CCC2CC3)c5ccccc5
CHEMBL1164729,12.73,CC(C)COc1ccc(cc1C#N)c2nc(C)c(s2)C(=O)O
CHEMBL2151325,30.2,CCOc1cc(Nc2nc3c(cc2F)ncn3[C@@H](CO)c4ccc(F)cn4)n[nH]1
CHEMBL1519272,3.31,Clc1ccccc1S(=O)(=O)NC(=O)c2ccc[nH]2
CHEMBL2179275,9.12,CC(C)C[C@@H](N1CCC[C@@H](C1)N2C=C(C)C(=O)NC2=O)c3ccc(C(=O)O)c(Oc4cccc(Cl)c4)c3
CHEMBL1201016,114.82,COCC1=C(N2[C@H](SC1)[C@H](NC(=O)\C(=N/OC)\c3csc(N)n3)C2=O)C(=O)OC(C)OC(=O)OC(C)C
CHEMBL513370,33,COc1ccc(N(C(C(=O)NC[C@@H](C)O)c2ccccc2F)C(=O)c3ccoc3Cl)c(OC)c1
CHEMBL1778636,5,OC(=O)COc1ccc(Cl)cc1c2cccc(c2)C#N
CHEMBL1800657,107,CCCN(CCNCCc1ccc(O)c2NC(=O)Sc12)C(=O)CCOCCc3ccccc3
CHEMBL1549615,150,COc1cc2cc(nc(C)c2cc1OC)c3ccc(O)cc3O
CHEMBL2158778,3,OC(=O)[C@H](Cc1ccc(F)cc1)N2CCC(CN3CCC(CC3)Oc4ccc(Cl)cc4)CC2
CHEMBL1082723,8.71,C[C@H]1Cc2c([nH]c3cc(Cl)c(F)cc23)[C@@]4(N1)C(=O)Nc5ccc(Cl)cc45
CHEMBL1916260,5.29,CCC(CC)NC(=O)c1cnn(c1NS(=O)(=O)C2CCCC2)c3ccccc3
CHEMBL217943,22.77,Oc1c(ccc2cccnc12)C(=O)NCc3ccccc3
CHEMBL1852508,3,Cc1cc(nn1C[C@H](O)CN)c2ccc(Cl)c(c2)C(=O)NCC3(O)CCCCCC3
CHEMBL59356,3,C[C@H](C#Cc1ccc(Cc2ccc(F)cc2)s1)N(O)C(=O)N
CHEMBL551813,18.62,CN(C)c1nc(Cc2ccc(NC(=O)c3ccc(cc3)C(F)(F)F)cc2)nc(N(C)C)c1CC(=O)O
CHEMBL403225,17,C[C@H](CO)Nc1nc(SCc2cccc(Cl)c2F)nc3NC(=O)Sc13
CHEMBL1916284,18.84,C[C@H](NC(=O)c1c(NS(=O)(=O)c2ccc(C)cc2)n(nc1C(F)(F)F)c3ccccc3)C(C)(C)C
CHEMBL1188966,50.12,CN(C)c1nc(NC[C@@H]2CC[C@@H](CNS(=O)(=O)c3ccc(Br)cc3OC(F)(F)F)CC2)nc4ccccc14
CHEMBL320714,88,Oc1ccc(CCNCCCCCCOCCc2ccccc2)c3sc(O)nc13
CHEMBL2170837,17.38,CCn1c(C)c(C(=O)O)c(c2cccc(c2)N3CCN(CC3)c4ccc(NS(=O)(=O)c5ccc(N[C@H](CCN6CCC(O)CC6)CSc7ccccc7)c(c5)S(=O)(=O)C(F)(F)F)cc4)c1c8ccc(Cl)cc8
CHEMBL1600648,64.34,Cc1nc2ncnn2c(O)c1CCOC(=O)c3c(F)cccc3F
CHEMBL1090630,3,CCCCCCCC(=O)N[C@@H](C)C(=O)N[C@@H]([C@@H](C)O)C(=O)N[C@@H](CCN)C(=O)N[C@H]1CCNC(=O)[C@@H](NC(=O)[C@H](CCN)NC(=O)[C@H](CCN)NC(=O)[C@H](CC(C)C)NC(=O)[C@@H](Cc2ccccc2)NC(=O)[C@H](CCN)NC1=O)[C@@H](C)O
CHEMBL1209915,16.6,COc1ccc(cc1)C2CC(=NN2C(=O)C)c3ccc(Br)cc3
CHEMBL70972,85,CC1=C(C)C(=O)C(=C(C)C1=O)C(CCCCCC(=O)O)c2ccccc2
CHEMBL1423878,52.48,Oc1ncnc2c1c(cn2c3ccc(Br)cc3)c4ccccc4
CHEMBL267144,144.54,CC(C)[C@@H]1N(C)c2ccccc2C[C@@H](CO)NC1=O
CHEMBL1807825,8,CCOc1ccc(CCNCCCSCCNC[C@H](O)c2ccc(O)c3NC(=O)Sc23)cc1
CHEMBL570015,130,COc1cccc(Nc2c(cnc3c(C)cc(cc23)S(=O)(=O)c4cccc(c4)C(=O)N(C)C)C(=O)N)c1
CHEMBL787,43.65,CC(C)(O)c1ccccc1CC[C@@H](SCC2(CC(=O)O)CC2)c3cccc(\C=C\c4ccc5ccc(Cl)cc5n4)c3
CHEMBL1800658,99,CC(C)N(CCNCCc1ccc(O)c2NC(=O)Sc12)C(=O)CCOCCc3ccccc3
CHEMBL2035021,150,NC1(CCC1)c2ccc(cc2)c3nc4ccccn4c3c5ccccc5
CHEMBL2088413,150,Cc1ccc(CCNC(=O)c2ccc3sc(CO)nc3c2)cc1
CHEMBL1381233,25.12,O=C(Nc1ccncc1)c2cccc3ccccc23
CHEMBL589973,3,CCCCNC(=O)c1ccc(Oc2ccc(CC(=O)O)cc2OC)c(NS(=O)(=O)c3ccc(Cl)cc3Cl)c1
CHEMBL2031561,29.51,Oc1cc(cc(c1)C(F)(F)F)C(=O)Nc2cccc(c2)c3nnn[nH]3
CHEMBL605846,14,COc1ccc(CC(C)(C)NC[C@H](O)c2cc(O)cc3NC(=O)COc23)cc1
CHEMBL495383,150,OCCc1cccc(NC(=O)c2cc3cc(Cl)ccc3[nH]2)c1
CHEMBL2147033,150,O=C1COC2(CCN(CC2)S(=O)(=O)c3ccc(cc3)c4ccc5cnccc5c4)CN1C6CC6
CHEMBL1934420,3,C[C@H](NC(=O)c1c(C)nn(C2CCN(C)CC2)c1NS(=O)(=O)c3ccc(C)cc3)C(C)(C)C
CHEMBL1078685,3,N#Cc1cc(ccn1)c2n[nH]c(n2)c3ccncc3
CHEMBL1171837,4.68,CN1CCN(Cc2ccc(NC(=O)c3ccc(C)c(c3)C#Cc4cnc5cccnn45)cc2C(F)(F)F)CC1
CHEMBL575448,70.79,C[C@]1(CCCN1c2nc(Nc3cc([nH]n3)C4CC4)c5cccn5n2)C(=O)Nc6ccc(F)nc6
CHEMBL139,80,OC(=O)Cc1ccccc1Nc2c(Cl)cccc2Cl
CHEMBL335744,61.66,CC(C)C(=O)Nc1nc(cc2ccccc12)c3ccccn3
CHEMBL2147032,89.13,O=C1COC2(CCN(CC2)S(=O)(=O)c3ccc(cc3)c4ccc5cccnc5c4)CN1C6CC6
CHEMBL1458496,150,Clc1cccc(C(=O)N2CCN(CC2)c3ccccn3)c1Cl
CHEMBL322479,93.03,CC(C)(CCCCCOCCc1ccccc1)NCCc2ccc(O)c3nc(O)sc23
CHEMBL1800526,29,COc1ccnc(CCc2nc3cc(Br)cnc3[nH]2)c1
CHEMBL1090940,3,CCCCCCCC(=O)N[C@@H](CCN)C(=O)N[C@@H](C)C(=O)N[C@@H](CCN)C(=O)N[C@H]1CCNC(=O)[C@@H](NC(=O)[C@H](CCN)NC(=O)[C@H](CCN)NC(=O)[C@H](CC(C)C)NC(=O)[C@@H](Cc2ccccc2)NC(=O)[C@H](CCN)NC1=O)[C@@H](C)O
CHEMBL1458025,102.33,Cc1sc2ncnc(SCC(=O)N3CCN(CC3)C(=O)c4occc4)c2c1C
CHEMBL2216859,15.14,CC(C)N1CCN(Cc2oc(nc2)c3cc(cc4[nH]ncc34)c5cccc6[nH]ccc56)CC1
CHEMBL1939560,7.08,C[C@@H](N(CC1CCS(=O)(=O)CC1)C(=O)Cc2ccc(c(F)c2)C(F)(F)F)C3=Nc4ncccc4C(=O)N3c5ccc(Cl)cc5
CHEMBL646,150,Cc1nnc2CN=C(c3ccccc3Cl)c4cc(Cl)ccc4n12
CHEMBL1144,26.98,CC[C@H](C)C(=O)O[C@H]1C[C@H](O)C=C2C=C[C@H](C)[C@H](CC[C@@H](O)C[C@@H](O)CC(=O)O)[C@@H]12
CHEMBL477,3,Nc1ncnc2c1ncn2[C@@H]3O[C@H](CO)[C@@H](O)[C@H]3O
CHEMBL1789274,142,CNCC[C@@H](Oc1cc(OC)ccc1C#N)c2ccccc2
CHEMBL2335890,40.74,COCCN(C)c1ccc(Nc2ncc3cc(ccc3n2)c4ccncc4)cc1
CHEMBL235789,4,Clc1ccc(CN2CCNCC2)cc1C(=O)NCC34CC5CC(CC(C5)C3)C4
CHEMBL464081,141,CC1(C)[C@@H]2CC[C@@]1(CS(=O)(=O)N3CCN(CC3)c4ccc(cn4)C(F)(F)F)C(=O)C2
CHEMBL1945298,23,O[C@@H](CNCCOc1cccc(CNCCc2ccccc2F)c1)c3ccc(O)c4NC(=O)Sc34
CHEMBL2152915,12.59,CO[C@@H]1CC[C@@]2(CC1)Cc3ccc(cc3C24N=C(C)C(=N4)N)c5cc(Cl)cc(c5)C#N
CHEMBL312421,3,CC(C)C[C@H](N)C(=O)NC[C@H](O)C[C@@H](N)CC(=O)NN(C)CC(=O)O
CHEMBL556667,150,Clc1cccc(NC(=O)c2ccccn2)c1
CHEMBL203125,3,ON(CCCP(=O)(O)O)C=O
CHEMBL1734492,54.95,NC(=O)NC(=O)C(Nc1ccc2CCCc2c1)c3ccccc3
CHEMBL1016,3,CCOc1nc2cccc(C(=O)O)c2n1Cc3ccc(cc3)c4ccccc4c5nnn[nH]5
CHEMBL178737,38,O=C(N1CCOCC1)N2CCn3cc(C4=C(C(=O)NC4=O)c5cnc6ccccn56)c7cccc(C2)c37
CHEMBL2087361,21.88,C#Cc1cccc(Nc2ncnc3cc4OCCOCCOCCOc4cc23)c1
CHEMBL1921917,82,C[C@@](N1CCCCC1)(C(=O)O[C@H]2C[N+]3(CCCc4ccncc4)CCC2CC3)c5ccccc5
CHEMBL1091137,69.18,CC\C(=C(\c1ccc(O)cc1)/c2ccc(\C=C\C(=O)O)cc2)\c3ccccc3
CHEMBL511444,12.02,CN[C@@H](C)C(=O)N[C@H](C(=O)N1CC[C@H]2CC[C@H](NC(=O)c3cccc4ccccc34)[C@@H]12)C(C)(C)C
CHEMBL1241982,5.13,COc1ccc2nc(C)cc(c2c1)n3cc(CN4CCN(CC4)C(=O)C)nn3
CHEMBL192,150,CCCc1nn(C)c2C(=O)NC(=Nc12)c3cc(ccc3OCC)S(=O)(=O)N4CCN(C)CC4
CHEMBL78628,3,CN(CC(=O)O)NC(=O)C[C@H](N)C[C@@H](O)CN
CHEMBL1934267,10,CC(C)n1nc(C)c(C(=O)N[C@@H](C)C(C)(C)C)c1NS(=O)(=O)c2ccc(C)cc2
CHEMBL232846,19,C[C@H](CO)Nc1nc(SCc2ccccc2F)nc3nc(N)sc13
CHEMBL51478,150,COc1ccnc(CSc2nc3ccccc3[nH]2)c1
CHEMBL2172001,11.48,C[C@@H]1CN(CCN1C(=O)[C@@H]2CCCC[C@H]2C(=O)NC3(CC3)C#N)c4ccc5c(C)nnc(C)c5c4
CHEMBL471412,150,COc1ccc(N(C(C(=O)NC2CCCC2)c3ccccc3F)C(=O)c4ccccc4)c(OC)c1
CHEMBL1766779,19.05,CS(=O)(=O)c1ccc(cc1)c2cnc(N)c(n2)C(=O)Nc3ccccc3
CHEMBL1891338,150,COc1cccc(CNc2nc(NC(C)C)nc3ccsc23)c1OC
CHEMBL403963,3,C(=C\c1nn[nH]n1)/c2ccccc2
CHEMBL108546,144,Oc1ccc(CCNCCCOCCOCCc2ccccc2)c3sc(O)nc13
CHEMBL1917459,3,CCS(=O)(=O)Nc1cccc2c1c(Oc3ccc(Cl)cc3)c(C)n2CC(=O)O
CHEMBL2312113,150,COc1cc(O)c(C(CC(=O)N2CC(C)CC(C)C2)c3ccc4OCOc4c3)c(OC)c1
CHEMBL1201182,150,CO[C@@H]1C[C@H](C[C@@H](C)[C@@H]2CC(=O)[C@H](C)\C=C(/C)\[C@@H](O)[C@@H](OC)C(=O)[C@H](C)C[C@H](C)\C=C\C=C\C=C(/C)\[C@H](C[C@@H]3CC[C@@H](C)[C@@](O)(O3)C(=O)C(=O)N4CCCC[C@H]4C(=O)O2)OC)CC[C@H]1OC(=O)C(C)(CO)CO
CHEMBL1529080,150,CN1SC(=O)c2cc(ccc12)S(=O)(=O)NC3CC3
CHEMBL2098096,51.29,Cc1cc(OCC(=O)NCc2ccccc2)c3cc(Br)ccc3n1
CHEMBL472455,150,COc1ccc(N(C(C(=O)NC2CCCC2)c3ccccc3F)C(=O)c4occc4)c(OC)c1
CHEMBL222989,26.92,OC(=O)CN1C(=O)C(=O)c2ccccc12
CHEMBL384467,31,C[C@@H]1C[C@H]2[C@@H]3CCC4=CC(=O)C=C[C@]4(C)[C@@]3(F)[C@@H](O)C[C@]2(C)[C@@]1(O)C(=O)CO
CHEMBL24850,25.7,OC(=O)c1cc2cc(OCc3ccccc3)ccc2[nH]1
CHEMBL189475,3,C[C@@H](C(=O)NS(=O)(=O)C)c1ccc(OS(=O)(=O)C(F)(F)F)cc1
CHEMBL1486517,50.12,O=C(C1CCN(CC1)c2nnc(s2)n3cccc3)N4CCN(Cc5ccc6OCOc6c5)CC4
CHEMBL2103876,50.12,Cc1ccc2c(NC[C@](O)(CC(C)(C)c3cc(F)cc4CCOc34)C(F)(F)F)cccc2n1
CHEMBL1916276,5,CC1CCCCC1NC(=O)c2cnn(c2NS(=O)(=O)c3ccc(C)cc3)c4ccccc4
CHEMBL2030560,3,Nc1nc2ccc(cc2[nH]1)C(=O)c3ccccc3
CHEMBL2031559,17.38,FC(F)(F)c1cc(C(=O)Nc2cccc(c2)c3nnn[nH]3)c4nc[nH]c4c1
CHEMBL1201391,46.28,CCC(C)(C)C(=O)O[C@H]1C[C@@H](C)C=C2C=C[C@H](C)[C@H](CC[C@@H](O)C[C@@H](O)CC(=O)O)[C@@H]12
CHEMBL1429296,150,COc1ccccc1CN2C(C(=O)NC3CCC(C)CC3)c4ccccc4C2=O
CHEMBL257178,9.8,Fc1ccc(cc1)c2[nH]c3ccc(cc3c2CCCC(=O)NS(=O)(=O)C(F)(F)F)C#N
CHEMBL1916269,27,CCC(CC)NC(=O)c1cnn(C)c1NS(=O)(=O)c2ccc(C)cc2
CHEMBL511115,28,COc1ccc(cc1OC2CCCC2)[C@@]3(CC[C@H](CC3)C(=O)O)C#N
CHEMBL1984039,61.66,Cc1nn(C)c(C)c1c2cccc3c(CCCOc4cccc5ccccc45)c([nH]c23)C(=O)O
CHEMBL2086478,87.1,Cc1ccc(NC(=O)C=C)cc1
CHEMBL57531,120.23,Nc1ncc2cc(c(N)nc2n1)c3c(Br)cccc3Br
CHEMBL115,53.7,CC(C)(C)NC(=O)[C@@H]1CN(Cc2cccnc2)CCN1C[C@@H](O)C[C@@H](Cc3ccccc3)C(=O)N[C@@H]4[C@H](O)Cc5ccccc45
CHEMBL1643199,20,Cc1cc(CN2CCc3ccccc3C2C(=O)Nc4ccc(Cl)cc4Cl)ccc1OCC(=O)O
CHEMBL193240,150,FC(F)Oc1ccc(cc1OCC2CC2)C(=O)Nc3c(Cl)cncc3Cl
CHEMBL364714,3,C[C@@H](C(=O)N)c1ccc(OS(=O)(=O)C(F)(F)F)cc1
CHEMBL522460,19,Cc1ccccc1CN2CCC(CC2)N3CCC(CC3)N4C(=O)Nc5ccccc45
CHEMBL2158826,3,OC(=O)Cc1cccc(c1)N2CCC(CN3CCC(CC3)Oc4ccc(Cl)c(Cl)c4)CC2
CHEMBL1922055,110,C[C@@](N1CCCCC1)(C(=O)O[C@H]2C[N+]3(Cc4cc(on4)c5ccccc5)CCC2CC3)c6ccccc6
CHEMBL1956112,40.74,CN1CCC[C@H]1CCN2CCCc3cc(NC(=N)c4cccs4)ccc23
CHEMBL84,3.24,CC[C@@]1(O)C(=O)OCC2=C1C=C3N(Cc4cc5c(CN(C)C)c(O)ccc5nc34)C2=O
CHEMBL511782,150,COc1ccc(N(C(C(=O)NC[C@@H](C)O)c2ccccc2F)C(=O)c3ccccc3)c(OC)c1
CHEMBL1934266,59.87,CCC(CC)NC(=O)c1c(C)nn(C(C)C)c1NS(=O)(=O)c2ccc(C)cc2
CHEMBL1573309,77,CCN(CC)CCn1c2ccccc2c3cnc(N)c(C#N)c13
CHEMBL1801962,150,COc1ccccc1C(=O)\C=C\c2ccccc2C(F)(F)F
CHEMBL1916272,13.49,CCC(CC)NC(=O)c1c(C)nn(c1NS(=O)(=O)c2ccc(C)cc2)c3ccccc3
CHEMBL1082152,41,Cn1cc(C2=C(C(=O)NC2=O)c3cccc(NCC(O)CO)c3)c4cc(F)ccc14
CHEMBL1689129,13,C[C@H]1CN(Cc2cc(Cl)ccc2OCC(=O)O)CCN1C(=O)Cc3ccccc3Cl
CHEMBL2031221,6,CN1CCN(CC1)c2ccc3N=CN(C(=O)c3c2)c4cc(NC(=O)c5cccc(c5)N6CCOCC6)ccc4C
CHEMBL550902,7,OC(=O)c1cncc(c1)c2ccc(Cl)c(c2)C(=O)NCC34CC5CC(CC(C5)C3)C4
CHEMBL1689115,18,OC(=O)COc1ccc(Cl)cc1CN2CCCN(CC2)S(=O)(=O)Cc3ccccc3
CHEMBL1916288,6,C[C@H](NC(=O)c1c(C)nn(c1NS(=O)(=O)c2ccc(cc2)C#N)c3ccc(F)cc3)C(C)(C)C
CHEMBL1308362,87.1,Cc1ccc2cc(C)c3nnc(SCC(=O)N4CCN(CC4)C(=O)c5occc5)n3c2c1
CHEMBL2180612,12.3,COC(=O)C1=C(C)NC2=C(C1c3ccc(cc3)c4ccc(cc4)C(F)(F)F)C(=O)CC(C)(C)C2
CHEMBL183630,20,Cc1ccc(NC(=O)c2cccc(c2)N3CCOCC3)cc1NC(=O)c4ccc(OCc5cscn5)cc4
CHEMBL1645107,29.51,Nc1nc2ccc(cc2s1)c3ccncc3
CHEMBL191528,64.57,CCOc1ccc2C=CC(=O)Oc2c1
CHEMBL2158792,3,Cc1cc(OC2CCN(CC3CCN(CC3)[C@@](C)(Cc4ccc(F)cc4)C(=O)O)CC2)ccc1Cl
CHEMBL212521,91,CC[C@H](N)C(=O)N[C@@H](Cc1ccc(cc1)c2ccccc2)C#N
CHEMBL243001,10.47,CC(C)N1CCC[C@H](CN2C(=Nc3ccc(Oc4ccc(F)cc4)cc3C2=O)C)C1
CHEMBL459353,8,COc1ccc(N(C(C(=O)NC[C@@H](C)O)c2ccccc2F)C(=O)c3occc3CO)c(OC)c1
CHEMBL2216870,19.5,CC[C@H](Nc1ncnc2[nH]cnc12)C3=Nc4cccc(F)c4C(=O)N3c5ccccc5
CHEMBL2323239,128.82,O=C(CSC1=NC2=C(SCC2)C(=O)N1c3ccccc3)Nc4ncc(s4)c5ccccc5
CHEMBL1800472,43,CN(CCNC[C@H](O)c1ccc(O)c2NC(=O)Sc12)C(=O)CCOCCc3ccccc3
CHEMBL1173055,12.02,CNCc1ccc(cc1)c2[nH]c3cc(F)cc4C(=O)NCCc2c34
CHEMBL500,150,CC(C)NCC(O)COc1cccc2[nH]ccc12
CHEMBL2041980,4.79,CS(=O)(=O)c1ccc(cc1)c2cnc(N)c(c2)c3ccc(nc3)C(F)(F)F
CHEMBL437765,3,CO[C@H]1\C=C\O[C@@]2(C)Oc3c(C)c(O)c4c(O)c(NC(=O)\C(=C/C=C/[C@H](C)[C@H](O)[C@@H](C)[C@@H](O)[C@@H](C)[C@H](OC(=O)C)[C@@H]1C)\C)cc(O)c4c3C2=O
CHEMBL1090941,3,CCCCCCCC(=O)N[C@@H](CCN)C(=O)N[C@@H]([C@@H](C)O)C(=O)N[C@@H](C)C(=O)N[C@H]1CCNC(=O)[C@@H](NC(=O)[C@H](CCN)NC(=O)[C@H](CCN)NC(=O)[C@H](CC(C)C)NC(=O)[C@@H](Cc2ccccc2)NC(=O)[C@H](CCN)NC1=O)[C@@H](C)O
CHEMBL450470,150,COc1ccc(N(C(C(=O)NC2CCCC2)c3ccccc3F)C(=O)C)c(OC)c1
CHEMBL561771,150,COc1cccc(NC(=O)c2cccc(Cc3c(C)nn(CCO)c3c4ccccc4)c2)c1
CHEMBL945,3,NC(=N)NC(=O)c1nc(Cl)c(N)nc1N
CHEMBL216981,75.93,CC[C@@H](NC1=C(Nc2cccc(C(=O)N(C)C)c2O)C(=O)C1=O)c3oc(C)cc3
CHEMBL2177110,16.98,CCCSc1c(cnn1c2cccc(c2)C(=O)O)C(=O)NC3CCCCC3
CHEMBL578194,3,C[C@H](Nc1nc(Nc2cc([nH]n2)C3CC3)cnc1C#N)c4ccc(F)cn4
CHEMBL1834184,7.59,CCC(=O)N[C@H]1CC[C@H](C1)C(=O)N(C)c2ccc(cc2)c3oc4ccccc4n3
CHEMBL1921946,64,C[C@@](N1CCCCC1)(C(=O)O[C@H]2C[N+]3(CC(=O)Nc4ccccn4)CCC2CC3)c5ccccc5
CHEMBL1916533,39.81,COc1ccc2ncc(F)c(CCN3CCC(CC3)NCc4ccc5OCC(=O)Nc5n4)c2n1
CHEMBL1916283,8,C[C@@H](NC(=O)c1c(C)nn(c1NS(=O)(=O)c2ccc(C)cc2)c3ccccc3)C(C)(C)C
CHEMBL642,6.92,CCCC(=O)Nc1ccc(OCC(O)CNC(C)C)c(c1)C(=O)C
CHEMBL2323231,150,O=C(CSC1=NC2=C(SCC2)C(=O)N1c3ccccc3)Nc4ccc(cn4)c5ccccc5
CHEMBL475534,75,CCOC(=O)C1=C(C)NC(=C(C1c2cccc(c2)[N+](=O)[O-])C(=O)OC)C
CHEMBL1644,3,CC1=C(N2[C@H](SC1)[C@H](NC(=O)[C@H](N)c3ccc(O)cc3)C2=O)C(=O)O
CHEMBL1800656,135,CCN(CCNCCc1ccc(O)c2NC(=O)Sc12)C(=O)CCOCCc3ccccc3
CHEMBL2086472,38.02,Fc1ccc(NC(=O)C=C)cc1
CHEMBL1703518,150,CCN(CC)S(=O)(=O)c1ccc(cc1)c2oc(SCC(=O)N3CCc4ccccc34)nn2
CHEMBL1916264,56,CCC(CC)NC(=O)c1cnn(c1NS(=O)(=O)c2ccc(C)cc2)c3ccccc3Cl
CHEMBL108,19.95,NC(=O)N1c2ccccc2C=Cc3ccccc13
CHEMBL1608462,128.82,CC(C)n1ncc2c(cc(nc12)C3CC3)C(=O)NCc4c(C)cc(C)nc4O
CHEMBL2059859,10.23,Cc1ccc(cc1NC(=O)c2ccc(OCc3ccccn3)cc2)c4nc5ccccc5[nH]4
CHEMBL304087,13,COc1cc(NC(=O)Nc2cccc(CNC(=O)O[C@H]3CCOC3)c2)ccc1c4ocnc4
CHEMBL2139925,150,CCc1nc2ccc(cn2c1N(C)Cc3cccs3)C(=O)NCc4ccc5OCOc5c4
CHEMBL1596896,91.2,Cc1cccc(NC(=O)Nc2cccc3ccccc23)c1
CHEMBL1645494,3,CNC(=O)Cc1ccc2C(=O)C=C(Nc2c1)c3cccnc3
CHEMBL2335901,3,C[C@@H](NC(=O)C1CCNCC1)c2ccc(Nc3ncc4cc(ccc4n3)c5ccncc5)cc2
CHEMBL564885,4,Clc1c(NCC2CCNCC2)nccc1C(=O)NCC34CC5CC(CC(C5)C3)C4
CHEMBL2011934,138.04,COc1ccc(cc1)c2nc3c(NCCCN(C)C(=O)C4CCC4)c(Br)cnc3[nH]2
CHEMBL336718,150,COc1ccc(cc1)c2nc(O)c3ccccc3n2
CHEMBL397237,17.16,C[C@H](CO)Nc1nc(SCc2cccc(F)c2F)nc3nc(N)sc13
CHEMBL1921913,53,C[C@@](N1CCCCC1)(C(=O)O[C@H]2C[N+]3(CCc4c[nH]c5ccccc45)CCC2CC3)c6ccccc6
CHEMBL2062571,21.88,CC(=O)Nc1ccc2ccn(c3cc(NC4COC4)n5ncc(C#N)c5n3)c2c1
CHEMBL294099,3,Brc1ccc(cc1)C2=CC(=O)c3ccccc3O2
CHEMBL2324355,74.13,Cc1nocc1C(=O)Nc2ccc(c(N)n2)c3ccccc3OC(F)(F)F
CHEMBL1405150,150,CCC(=O)NC(c1cccs1)c2cc(Cl)c3cccnc3c2O
CHEMBL1831130,19.5,COc1ccc2nc(C)cc(N3CC(CNC(=O)C4CC4)OC3=O)c2c1
CHEMBL960,23.99,Cc1oncc1C(=O)Nc2ccc(cc2)C(F)(F)F
CHEMBL495727,3,O=C(NC1CC1)Nc2c[nH]nc2c3nc4cc(CN5CCOCC5)ccc4[nH]3
CHEMBL1947153,29,O[C@@H](CNCCc1cccc(CN2CCC(CC2)c3ccccc3)c1)c4ccc(O)c5NC(=O)Sc45
CHEMBL213100,35.48,COc1ccc(N(C(=O)Oc2c(C)cccc2C)c3ccnc(Nc4ccc(cc4)N5CCN(C)CC5)n3)c(OC)c1
CHEMBL1922094,3,C[C@H](O)C(=O)N1CCN(Cc2sc3c(nc(nc3c2C)c4cnc(N)nc4)N5CCOCC5)CC1
CHEMBL202626,16.22,Fc1ccccc1NC(=O)NC2N=C(c3ccccc3)c4ccccc4NC2=O
CHEMBL457,150,Cc1ccc(C)c(OCCCC(C)(C)C(=O)O)c1
CHEMBL2058529,13.8,OC(=O)CCc1ccc(OCc2cc(Cl)ccc2c3ccccc3)cc1
CHEMBL2057371,3,CC(C)(C)NS(=O)(=O)c1cncc(c1)c2ccc3nc(NC(=O)NCC(=O)N4CCCC4)nn3c2
CHEMBL2179278,3,CC1=CN([C@H]2CCCN(C2)[C@@H](CC(C)(C)C)c3ccc(C(=O)O)c(Oc4cccc(Br)c4)c3)C(=O)NC1=O
CHEMBL1789178,150,CNCC[C@@H](Oc1cc(Cl)ccc1C#N)c2ccccc2
CHEMBL1940652,25.7,COc1ccncc1c2ccccc2CN(C(=O)c3oc(cc3)c4ccc(cc4)C#N)c5ccc(cc5)N6CCNCC6
CHEMBL1689134,17,C[C@H]1CN(Cc2cc(Cl)ccc2OC(C)(C)C(=O)O)CCN1S(=O)(=O)c3ccccc3
CHEMBL1689130,12,C[C@H]1CN(Cc2cc(Cl)ccc2OCC(=O)O)CCN1C(=O)Cc3cccc(Cl)c3
CHEMBL1924032,38,CC(N1CCC(F)(F)CC1)(C(=O)OC2CC[N+](C)(C)CC2)c3ccccc3
CHEMBL17357,150,NCCc1ccc(O)c2nc(O)sc12
CHEMBL1868126,16,COc1cccc2sc(NC(=O)c3ccccc3)nc12
CHEMBL17157,87.1,CC(C)(C)c1ccc(cc1)C(O)CCCN2CCC(CC2)C(O)(c3ccccc3)c4ccccc4
CHEMBL210730,150,O=C(Nc1nc2ccccc2[nH]1)c3ccccc3
CHEMBL398338,20.42,CC(C)(C)c1ccc2[C@@H](CCc2c1)NC(=O)Nc3cccc4[nH]ncc34
CHEMBL1934270,53,C[C@H](NC(=O)c1c(C)nn(c1NS(=O)(=O)c2ccc(C)cc2)C(C)(C)C)C(C)(C)C
CHEMBL661,42.66,Cc1nnc2CN=C(c3ccccc3)c4cc(Cl)ccc4n12
CHEMBL14762,107.15,CC[C@H](CO)Nc1nc(NCc2ccccc2)c3ncn(C(C)C)c3n1
CHEMBL2158825,3,OC(=O)Cc1ccccc1N2CCC(CN3CCC(CC3)Oc4ccc(Cl)c(Cl)c4)CC2
CHEMBL492234,150,COC(=O)c1ccc(C)c(NS(=O)(=O)c2ccc3N(C)SC(=O)c3c2)c1
CHEMBL1922056,55,C[C@@](N1CCCCC1)(C(=O)O[C@H]2C[N+]3(Cc4onc(n4)c5ccccc5)CCC2CC3)c6ccccc6
CHEMBL1916542,150,COc1ccc2N=CC(=O)N(CCN3CCC(CC3)NCc4cc5OCCOc5cn4)c2c1
CHEMBL1852688,87.1,CCN1CCN(CC1)c2ccc(Nc3cc(ncn3)N(C)C(=O)Nc4c(Cl)c(OC)cc(OC)c4Cl)cc2
CHEMBL521851,33.11,CS(=O)(=O)N1CCN(Cc2cc3nc(nc(N4CCOCC4)c3s2)c5cccc6[nH]ncc56)CC1
CHEMBL2147474,9.77,COc1cc(ccc1OC[C@H](O)C2CC2)N3C=Nc4cc(sc4C3=O)c5ccc(Cl)cc5
CHEMBL1463345,45.71,C[C@]12CCC(=O)C=C1C=C[C@@H]3[C@@H]2CC[C@@]4(C)[C@H]3CC[C@@]45CCC(=O)O5
CHEMBL1427959,64.57,O=C(Nc1nc2ccccc2s1)c3ccccc3
CHEMBL42,150,CN1CCN(CC1)C2=Nc3cc(Cl)ccc3Nc4ccccc24
CHEMBL1956334,150,CC(=O)c1ncccc1NC(=O)[C@@H]2CC[C@H](CC2)N3C(=O)[C@@H]4[C@@H]5CC[C@@H](C5)[C@@H]4C3=O
CHEMBL1934269,18,C[C@H](NC(=O)c1c(C)nn(CC(F)(F)F)c1NS(=O)(=O)c2ccc(C)cc2)C(C)(C)C
CHEMBL551360,19,OCC(CO)N1C=Cc2c(NC(=O)CC34CC5CC(CC(C5)C3)C4)cccc2C1=O
CHEMBL576981,4.79,C[C@@H](O)[C@@H]1[C@H]2[C@@H](C)C(=C(N2C1=O)C(=O)O)SC3CN(C3)C4=NCCS4
CHEMBL2035025,16.22,NC1(CCC1)c2ccc(cc2)c3ncc4nccn4c3c5ccccc5
CHEMBL1302675,150,CCn1c(SCC(=O)Nc2cc(C)on2)nnc1c3ccccc3
CHEMBL2338020,58.88,CCc1[nH]c2nc(Sc3cnc4ccc[n+]([O-])c4c3)nc(N5C[C@@H]6[C@@H](N)[C@@H]6C5)c2c1Cl
CHEMBL141157,150,CCOC(=O)\C=C\[C@H](C[C@@H]1CCNC1=O)NC(=O)[C@H](CC#C)N2C=CC=C(NC(=O)c3cc(C)on3)C2=O
CHEMBL833,150,Clc1ccccc1CN2CCc3sccc3C2
CHEMBL16073,26.92,CCOc1ccc(NC(=O)C)cc1
CHEMBL2216902,10,CC(C)c1nc2ccccc2n1c3nc(N4CCOCC4)c5nc(OC6CN(C6)C7CCS(=O)(=O)CC7)n(C)c5n3
CHEMBL521096,12,CCOc1cc2ncc(C(=O)N)c(Nc3ccc(C)cc3F)c2cc1N4CCN(C)CC4
CHEMBL602745,72.44,CS(=O)(=O)N1CC[C@@H](C1)N(Cc2ccccc2Cl)c3ccc(C#N)c(Cl)c3
CHEMBL254370,65,CC[C@@H](NC1=C(Nc2cccc(C(=O)N(C)C)c2O)C(=O)C1=O)c3ccccc3
CHEMBL2158828,3,OC(=O)COc1ccccc1N2CCC(CN3CCC(CC3)Oc4ccc(Cl)c(Cl)c4)CC2
CHEMBL280148,3,CN(C)CCNc1cc(nc2ccccc12)c3ccc(cc3)N4CCN(C)CC4
CHEMBL560219,11,OCCN1C=Cc2c(NC(=O)Cc3ccc(Cl)c(c3)C(F)(F)F)cccc2C1=O
CHEMBL480208,150,CC1(C)[C@@H]2CC[C@@]1(CS(=O)(=O)N3CCN(CC3)c4ccc(cn4)C#N)C(=O)C2
CHEMBL1922054,150,Cc1ccc2nc(C[N+]34CCC(CC3)[C@H](C4)OC(=O)[C@@](C)(N5CCCCC5)c6ccccc6)oc2c1
CHEMBL75435,21,C[C@H](C(=O)O)c1cccc(c1)C(=O)c2ccccc2
CHEMBL481230,12.59,COc1cc2c(Nc3ccc(F)c(Cl)c3)c(cnc2cc1OCCN(C)CCO)C(=O)N
CHEMBL1924046,101,CC(=CCC[N+]12CCC(CC1)[C@H](C2)OC(=O)[C@@](C)(N3CCCCC3)c4ccccc4)C
CHEMBL1213085,44.67,Cc1ccccc1N2C(=Nc3cccc(C)c3C2=O)Cn4nc(c5ccc(O)c(F)c5)c6c(N)ncnc46
CHEMBL1770476,21,CCOc1ccc2oc(C(=O)NC(CCSC)c3nc4cnccc4[nH]3)c(C)c2c1
CHEMBL1213118,81,CN1CCN(CC1)c2nc3ccccc3cc2Cn4nc(c5ccc6nc(N)sc6c5)c7c(N)ncnc47
CHEMBL1924047,76,C[C@@](N1CCCCC1)(C(=O)O[C@H]2C[N+]3(CCc4ccccc4)CCC2CC3)c5ccccc5
CHEMBL2062570,42.66,CC(=O)Nc1ccc2ccn(c3cc(Nc4ccn(C)n4)n5ncc(C#N)c5n3)c2c1
CHEMBL1738840,18.89,COc1ccnc(CCc2nc3cccnc3[nH]2)c1
CHEMBL594684,8.51,Cc1onc(NS(=O)(=O)c2ccc(Cl)cc2)c1
CHEMBL2348642,12.3,CNc1nc(C)c(s1)c2nc(Nc3cccc(c3)N4CCNCC4)ncc2C#N
CHEMBL1807827,7,O[C@@H](CNCCSCCCNCCc1cccc(Cl)c1)c2ccc(O)c3NC(=O)Sc23
CHEMBL550637,16.25,Cc1ccc(cc1NC(=O)CC23CC4CC(CC(C4)C2)C3)C(=O)N5CC6CNCC(C5)O6
CHEMBL111775,71.99,Oc1ccc(CCNCCNC(=O)CCOCCc2ccccc2)c3sc(O)nc13
CHEMBL2017259,20.42,O=C(Nc1ccc(nc1)n2ccnc2)c3ccc(cc3)C#N
CHEMBL1080786,136,N[C@@H](Cc1cccs1)C(=O)N[C@]2(C[C@H]2c3ccccc3)C#N
CHEMBL1681882,38,CCNC(=O)c1cnc(N2CCN([C@@H](CC)C2)C3CCN(Cc4ccc(Cl)cc4F)CC3)c(Cl)c1
CHEMBL399539,150,COC(=O)C1=C(C)NC(=C([C@@H]1c2cccc3nonc23)C(=O)OC(C)C)C
CHEMBL1214,3.39,CC1(C)S[C@@H]2[C@H](NC(=O)C(C(=O)O)c3ccccc3)C(=O)N2[C@H]1C(=O)O
CHEMBL445,144,CNCCC=C1c2ccccc2CCc3ccccc13
CHEMBL1823817,5,COC[C@H](O)CN1C(=O)C=NN(C1=O)c2ccc(Cl)c(c2)C(=O)NCC3(O)CCCCCC3
CHEMBL2179276,9.55,CC(C)C[C@H](N1CCC[C@@H](C1)N2C=C(C)C(=O)NC2=O)c3ccc(C(=O)O)c(Oc4cccc(Cl)c4)c3
CHEMBL1532611,150,Nc1ccc(OCCc2ccccc2)cc1
CHEMBL1921942,64,C[C@@](N1CCCCC1)(C(=O)O[C@H]2C[N+]3(CC(=O)Nc4ccccc4)CCC2CC3)c5ccccc5
CHEMBL1738797,5.01,CCc1cc2C(=O)c3c([nH]c4cc(ccc34)C#N)C(C)(C)c2cc1N5CCC(CC5)N6CCOCC6
CHEMBL271012,28,C[C@H](CO)Nc1nc(SCc2ccccc2F)nc3NC(=O)Sc13
CHEMBL1689112,3,OC(=O)COc1ccc(cc1CN2CCN(CC2)C(=O)c3ccccc3)C(F)(F)F
CHEMBL2018953,9.88,Clc1ccc(CNc2nc(nc3ncccc23)N4CCN(CC4)C(=O)[C@H]5CCCCN5)c(Cl)c1
CHEMBL1916271,35,CCN(C1CCCCC1)C(=O)c2cnn(c2NS(=O)(=O)c3ccc(cc3)c4ocnc4)c5ccccc5
CHEMBL2361579,57.54,Cc1cc2cc(C)c3nnc(SCC(=O)N4CCN(CC4)C(=O)c5occc5)n3c2cc1C
CHEMBL267744,61,OC(=O)COc1ccc(C(=O)c2cccs2)c(Cl)c1Cl
CHEMBL1924049,130,C[C@@](N1CCCCC1)(C(=O)O[C@H]2C[N+]3(CCc4ccccc4F)CCC2CC3)c5ccccc5
CHEMBL2071614,4.79,CC(C)(O)c1ccc(Nc2nc3ccc(cc3[nH]2)C#N)cc1
CHEMBL2364624,11.48,OC(=O)C[C@@H]1CC[C@H](CC1)c2ccc(cc2)c3ccc(Nc4ccc(nc4)C(F)(F)F)cn3
CHEMBL12610,150,CN(C)CCCOc1nn(Cc2ccccc2)c3ccccc13
CHEMBL1896341,150,Cc1ccc(CNC(=O)C2CCCN2S(=O)(=O)c3ccc(F)cc3)cc1
CHEMBL518924,30.51,NCCCCN(Cc1nc2ccccc2[nH]1)[C@H]3CCCc4cccnc34
CHEMBL2158785,3,Cc1c(Cl)c(ccc1OC2CCN(CC3CCN(CC3)[C@@H](Cc4ccc(F)cc4)C(=O)O)CC2)C#N
CHEMBL1609158,81,CCCC(=O)Nc1ccc(Cl)c(c1)c2oc3cccnc3n2
CHEMBL2178393,72.44,Nc1nnc(CCSCCc2nnc(NC(=O)Cc3ccccc3)s2)s1
CHEMBL1945289,13,COc1ccc(CNCc2cccc(CCNC[C@H](O)c3ccc(O)c4NC(=O)Sc34)c2)cc1
CHEMBL1088913,30.72,NCCCCN(Cc1nc2ccccc2[nH]1)C3CCCc4cccnc34
CHEMBL1256967,11.48,CC1(C)[C@H](NC(=O)\C(=N/OCC2=CC(=O)C(=CN2O)O)\c3csc(N)n3)C(=O)N1OS(=O)(=O)O
CHEMBL1689137,9,C[C@H]1CN(Cc2cc(Cl)ccc2CC(=O)O)CCN1S(=O)(=O)Cc3ccccc3
CHEMBL259850,91,COc1ccc(CNC(=O)Nc2ncc(s2)[N+](=O)[O-])cc1
CHEMBL1086310,16.6,CC(C)c1ccc(NC(=O)Cn2cnc3N(C)C(=O)N(C)C(=O)c23)cc1
CHEMBL1934268,5.5,CCn1nc(C)c(C(=O)N[C@@H](C)C(C)(C)C)c1NS(=O)(=O)c2ccc(C)cc2
CHEMBL2153435,6.31,CCNC(=O)C[C@H]1N=C(c2ccc(Cl)cc2)c3cc(OC)ccc3n4c(C)nnc14
CHEMBL1201335,91,C[N+]1(C)CCC(C1)OC(=O)C(O)(C2CCCC2)c3ccccc3
CHEMBL1778628,3,OC(=O)COc1ccc(cc1c2cccc(c2)C#N)C(F)(F)F
CHEMBL2326624,26,COc1cccc2c1c(NS(=O)(=O)c3ccc(Cl)s3)nn2Cc4cccc(CNC(=O)[C@@H]5COCCN5)c4
CHEMBL1807818,113,O[C@@H](CNCCCSCCOCCc1ccccc1)c2ccc(O)c3NC(=O)Sc23
CHEMBL51,24.55,Fc1ccc(cc1)C(=O)C2CCN(CCN3C(=O)Nc4ccccc4C3=O)CC2
CHEMBL551765,15,OC(=O)C1CCN(CC1)c2ncccc2c3ccc(Cl)c(c3)C(=O)NCC4CCCCCC4
CHEMBL521509,29,O=C(NC1CC1)C2=CN(c3cccc(c3)C#Cc4cccnc4)c5ncccc5C2=O
CHEMBL1916287,12,C[C@H](NC(=O)c1c(C)nn(c1NS(=O)(=O)c2cccnc2)c3ccc(F)cc3)C(C)(C)C
CHEMBL361812,6,OC(=O)CCn1c2CC[C@H](Cc2c3ccccc13)NS(=O)(=O)c4ccc(F)cc4
CHEMBL1460615,75.86,OC1CS(=O)(=O)CC1N2CCC(CC2)c3ccccc3
CHEMBL1807820,85,O[C@@H](CNCCCSCCOCCc1cccc2ccccc12)c3ccc(O)c4NC(=O)Sc34
CHEMBL318021,104.71,CC(CCc1cccc(OCc2ccc3ccccc3n2)c1)CC(=O)O
CHEMBL345937,3,CC1SC2=C(C(=O)O)C(=O)c3cc(F)c(cc3N12)N4CCNCC4
CHEMBL1089518,3,CCCCOc1nc(N)c2NC(=O)N(Cc3cccc(CC(=O)O)c3)c2n1
CHEMBL77131,33.88,CCNC(=O)OC1CCN(CC1)c2nncc3cc(OC)c(OC)cc23
CHEMBL1917458,3,CCS(=O)(=O)c1ccc(Oc2c(C)n(CC(=O)O)c3ccc(cc23)C(F)(F)F)cc1
CHEMBL652,3,FC(F)(F)COc1ccc(OCC(F)(F)F)c(c1)C(=O)NCC2CCCCN2
CHEMBL1916267,12,CCC(CC)NC(=O)c1cnn(Cc2ccccc2)c1NS(=O)(=O)c3ccc(C)cc3
CHEMBL1835918,6,Cc1onc(n1)c2ccc(OCC3CN(C3)c4ccc(C)nn4)cc2
CHEMBL223402,9.12,Fc1ccccc1NC(=O)N[C@H]2N=C(c3ccccc3)c4ccccc4NC2=O
CHEMBL1299863,66.07,CCc1c(C)nc(SCC(=O)Nc2nc(cs2)c3ccc(OC)cc3)nc1O
CHEMBL560993,10,Cc1c(Cc2ccc3ccccc3n2)c4cc(F)ccc4n1CC(=O)O
CHEMBL103482,150,CCOC(=O)c1cnc2c(N)cccc2c1O
CHEMBL2158771,3,OC(=O)[C@H](Cc1ccc(cc1)C#N)N2CCC(CN3CCC(CC3)Oc4ccc(Cl)c(Cl)c4)CC2
CHEMBL1234354,10.72,COc1ccc(cn1)C2=Cc3c(C)nc(N)nc3N([C@@H]4CC[C@H](CC4)OCCO)C2=O
CHEMBL1807821,58,O[C@@H](CNCCCOCCOCCc1ccccc1)c2ccc(O)c3NC(=O)Sc23
CHEMBL1807822,118,O[C@@H](CNCCCOCCOCCc1cccc2ccccc12)c3ccc(O)c4NC(=O)Sc34
CHEMBL1645496,46,OC(c1ccccc1)c2ccc3C(=O)C=C(Nc3c2)c4cccnc4
CHEMBL633,11,CCCCc1oc2ccccc2c1C(=O)c3cc(I)c(OCCN(CC)CC)c(I)c3
CHEMBL551170,15.3,Clc1ccc(cc1C(=O)NCC23CC4CC(CC(C4)C2)C3)N5N=CC(=O)NC5=O
CHEMBL1412343,150,Cc1ccccc1NC(=O)CCS(=O)(=O)c2ccc(Br)s2
CHEMBL1672434,39,C[C@H]1C[C@H](CN1C#N)NS(=O)(=O)c2cc(Br)ccc2Br
CHEMBL2,12.02,COc1cc2nc(nc(N)c2cc1OC)N3CCN(CC3)C(=O)c4occc4
CHEMBL1363924,75.86,CCn1c(SCC(=O)Nc2cc(C)on2)nnc1c3cccnc3
CHEMBL2170994,93.33,Nc1ncnc2c1ncn2[C@@H]3O[C@H](CSCCCNC(=O)Nc4ccc(Cl)cc4)[C@@H](O)[C@H]3O
CHEMBL31815,150,Cc1cccc(Nc2ncnc3ccc(NC(=O)C=C)cc23)c1
CHEMBL2216830,39.81,CCN(CC)CCCCNc1ncc2CN(C(=O)N(Cc3cccc(NC(=O)C=C)c3)c2n1)c4c(Cl)c(OC)cc(OC)c4Cl
CHEMBL1276946,3,CC1=C2C(=CC(=O)N1Cc3ccccn3)NN(C2=O)c4ccccc4Cl
CHEMBL1194325,79.99,OC(C(=O)O[C@H]1C[N+]2(CCCOc3ccccc3)CCC1CC2)(c4cccs4)c5cccs5
CHEMBL1916084,27,Cc1ccc(cc1)S(=O)(=O)Nc2c(cnn2c3ccccc3)C(=O)NC4CCCCC4
CHEMBL1916270,52,CCC(CC)NC(=O)c1cnn(c1NS(=O)(=O)c2ccc(cc2)c3ocnc3)c4ccccc4
CHEMBL1537460,103.2,COc1ccccc1C(=O)Nc2ccc(Cc3ccncc3)cc2
CHEMBL1934271,15,CCC(CC)n1nc(C)c(C(=O)N[C@@H](C)C(C)(C)C)c1NS(=O)(=O)c2ccc(C)cc2
CHEMBL1818218,89.13,CC(C)CNc1nc(ncc1C(=O)NCc2ccccc2)N3CCN(CC4CCCOC4)CC3
CHEMBL1683934,25.33,O[C@@H](CNCCCCCCCCCN1CCC(CC1)OC(=O)Nc2ccccc2c3ccccc3)c4ccc(O)c5NC(=O)C=Cc45
CHEMBL1807872,3,O[C@@H](CNCCCOCCNCCc1cccc(Cl)c1)c2ccc(O)c3NC(=O)Sc23
CHEMBL2031563,67.61,Fc1cc(C(=O)Nc2cccc(c2)c3nnn[nH]3)c4nc[nH]c4c1
CHEMBL267894,11.75,CCC1(CCC(C)C)C(=O)NC(=NC1=O)O
CHEMBL580,17.38,OC1N=C(c2ccccc2Cl)c3cc(Cl)ccc3NC1=O
CHEMBL2179281,30.2,CCCCC[C@@H](N1CCC[C@@H](C1)N2C=C(C)C(=O)NC2=O)c3ccc(C(=O)O)c(Oc4cccc(Br)c4)c3
CHEMBL1789155,150,NCC[C@@H](Sc1cc(Cl)ccc1C#N)c2ccccc2
CHEMBL1947155,108,C[C@@H](NCc1ccccc1c2ccc(CCNC[C@H](O)c3ccc(O)c4NC(=O)Sc34)cc2)c5ccccc5
CHEMBL1922048,39,C[C@@](N1CCCCC1)(C(=O)O[C@H]2C[N+]3(CC(=O)Nc4ccncn4)CCC2CC3)c5ccccc5
CHEMBL894,72.44,CC(NC(C)(C)C)C(=O)c1cccc(Cl)c1
CHEMBL296035,150,CCc1cccc2cc(oc12)C(O)CNC(C)(C)C
CHEMBL1539037,3.09,COc1ccc(NC(=O)CCc2c(C)nc3nc(C)nn3c2C)cc1
CHEMBL2158781,3,Cc1cc(F)ccc1OC2CCN(CC3CCN(CC3)[C@@H](Cc4ccc(F)cc4)C(=O)O)CC2
CHEMBL1229592,79.43,COc1cc(ccc1Nc2ncc(Cl)c(Oc3cccc(NC(=O)C=C)c3)n2)N4CCN(C)CC4
CHEMBL1738764,53.7,CC(C)N(c1ccnc(Nc2cc(cc(c2)S(=O)(=O)C)N3CCOCC3)n1)c4cc(CO)ccc4C
CHEMBL454616,72.44,CN(c1cccc(c1)C(=O)Nc2ccc(C)c(NC(=O)c3ccc4ncccc4c3)c2)S(=O)(=O)C
CHEMBL552513,3,O[C@@H]1CNC[C@H]1N2C=Cc3c(NC(=O)Cc4ccc(F)c(c4)C(F)(F)F)cccc3C2=O
CHEMBL655,121,Cc1ncc2CN=C(c3ccccc3F)c4cc(Cl)ccc4n12
CHEMBL1934415,8,C[C@H](NC(=O)c1c(C)nn(C2CCCCC2)c1NS(=O)(=O)c3ccc(C)cc3)C(C)(C)C
CHEMBL29609,13.49,Cc1cc(CCCOc2c(C)cc(cc2C)c3noc(n3)C(F)(F)F)on1
CHEMBL1490317,141.25,Cc1onc(NC(=O)CSc2nc(C)cc(C)n2)c1
CHEMBL1290183,3,Clc1cccc(CN2CCC3(CC2)CCN(CC3)C(=O)c4ccccc4)c1
CHEMBL1916532,138.04,COc1ccc2ncc(F)c(CCN3CCC(CC3)NCc4cc5OCCOc5cn4)c2n1
CHEMBL1934419,4,C[C@H](NC(=O)c1c(C)nn(C2CCS(=O)(=O)CC2)c1NS(=O)(=O)c3ccc(C)cc3)C(C)(C)C
CHEMBL2326623,28,COc1cccc2c1c(NS(=O)(=O)c3ccc(Cl)s3)nn2Cc4cccc(CNC(=O)[C@H]5COCCN5)c4
CHEMBL2137199,12.3,OC(c1ccc(c(F)c1)c2ccc(CN3CCN(Cc4ccncc4)CC3)cc2)(C(F)(F)F)C(F)(F)F
CHEMBL2069623,150,Nc1ncnc2c1c(COc3cccc(Cl)c3)nn2C4CCOCC4
CHEMBL2331750,20.42,CC1=CN([C@H]2CCCN(C2)S(=O)(=O)c3ccc(O)c(Oc4ccc(Cl)c(C)c4)c3)C(=O)NC1=O
CHEMBL1807823,9,O[C@@H](CNCCSCCCNCCc1ccccc1)c2ccc(O)c3NC(=O)Sc23
CHEMBL583042,12.88,Cc1cnc(Nc2ccc(F)cc2Cl)nc1c3c[nH]c(c3)C(=O)N[C@H](CO)c4cccc(Cl)c4
CHEMBL1916082,47.91,CCC(CC)NC(=O)c1cnn(c1NS(=O)(=O)c2ccc(C)cc2)c3ccccc3
CHEMBL1743245,51,Cc1ccccc1N=Nc2ccc(NC(=O)c3ccnn3C)c(C)c2
CHEMBL266195,150,CC(C)NCC(O)COc1ccccc1CC=C
CHEMBL1389370,26.3,CCN(CC)CCNc1ncnc2c1sc3nc(N4CCOCC4)c5CCCCc5c23
CHEMBL550175,63.1,C[C@@H]1CN(CCN1S(=O)(=O)c2ccc(cc2Cl)C(=O)N)c3ccc(F)cc3C(F)(F)F
CHEMBL2180273,117.49,CCOC(=O)C1=C(C)NC2=C(C1c3ccc(cc3)c4ccccc4)C(=O)CC(C)(C)C2
CHEMBL1290184,10.2,Cc1cccc(CN2CCC3(CC2)CCN(CC3)C(=O)c4ccccc4)c1
CHEMBL255536,26,COc1ccc(CC(=O)NC(N\C(=N\C#N)\Nc2ccccc2C)C(C)(C)C)cc1OC
CHEMBL1951575,6,CC(C)(C)NC(=O)c1ccc(Oc2cc(F)c(CC(=O)O)cc2Cl)c(NS(=O)(=O)c3ccc(cc3Cl)C4CC4)c1
CHEMBL334167,17.38,CN1SC(=O)c2cc(ccc12)S(=O)(=O)N
CHEMBL423,12,CC(C)NCC(O)COc1ccc(CCOCC2CC2)cc1
CHEMBL210887,85.11,OCCCn1c(NC(=O)c2cccc(c2)[N+](=O)[O-])nc3ccccc13
CHEMBL235392,9,Clc1ccc(CN2CC3CNCC(C2)O3)cc1C(=O)NCC45CC6CC(CC(C6)C4)C5
CHEMBL1689133,3,C[C@H](Oc1ccc(Cl)cc1CN2CCN([C@@H](C)C2)C(=O)Cc3ccc(Cl)cc3)C(=O)O
CHEMBL2152523,12.02,C1CCN(CC1)[C@@H]([C@H](N2CCCCC2)c3ccccc3)c4ccccc4
CHEMBL469727,34.5,COCc1ccoc1C(=O)N(C(C(=O)NC[C@@H](C)O)c2ccccc2F)c3ccc(OC)cc3OC
CHEMBL422648,69.18,CC1SC2=C(C(=O)O)C(=O)c3cc(F)c(cc3N12)N4CCN(CC5=C(C)OC(=O)O5)CC4
CHEMBL571,53.7,CC(C(=O)O)c1cccc(c1)C(=O)c2ccccc2
CHEMBL841,91.2,CN(C)C(=O)C(CCN1CCC(O)(CC1)c2ccc(Cl)cc2)(c3ccccc3)c4ccccc4
CHEMBL1614705,3,OCC(=O)N1CCC(CC1)c2[nH]nc(c3ccc(Cl)cc3F)c2c4ccncn4
CHEMBL2158790,3,Cc1c(Cl)c(Cl)ccc1OC2CCN(CC3CCN(CC3)[C@@](C)(Cc4ccc(F)cc4)C(=O)O)CC2
CHEMBL1483,83.18,CCCSc1ccc2nc(NC(=O)OC)[nH]c2c1
CHEMBL1587607,150,Clc1ccccc1NC(=O)c2cc[nH]n2
CHEMBL1340633,31.62,COc1cc(ccc1Nc2ccccc2C(=O)O)c3ccc(Nc4ccccc4C(=O)O)c(OC)c3
CHEMBL426658,14.79,Clc1cccc(c1)c2cnc3ccc(NC4CCOCC4)nn23
CHEMBL2169920,22,Oc1ccc(CCNCCN(C2CCCCC2)C(=O)CCNCCc3ccc(Cl)c(Cl)c3)c4OCC(=O)Nc14
CHEMBL837,23.99,CCc1c2CN3C(=O)C4=C(C=C3c2nc5ccc(O)cc15)[C@@](O)(CC)C(=O)OC4
CHEMBL1770475,150,CSCCC(NC(=O)c1ccccc1)c2nc3ccccc3n2Cc4ccc(cc4)C#N
CHEMBL171951,3,CCCS(=O)(=O)N1N=Cc2cc(Cl)ccc2B1O
CHEMBL1800659,150,CCCCN(CCNCCc1ccc(O)c2NC(=O)Sc12)C(=O)CCOCCc3ccccc3
CHEMBL2046990,123.03,Nc1ccc(cc1)c2ccccc2Cl
CHEMBL1455229,150,O=C(NCc1cccnc1)c2cc(on2)c3occc3
CHEMBL1204759,21.47,Cc1nn(c(NC(=O)NS(=O)(=O)c2ccc(Cl)cc2)c1C#N)c3ccccc3
CHEMBL554,91.2,CS(=O)(=O)CCNCc1oc(cc1)c2ccc3ncnc(Nc4ccc(OCc5cccc(F)c5)c(Cl)c4)c3c2
CHEMBL443,3,Cc1onc(NS(=O)(=O)c2ccc(N)cc2)c1
CHEMBL898,10.23,OC(=O)c1cc(ccc1O)c2ccc(F)cc2F
CHEMBL1890087,144.54,CC(C)Nc1nc(NCc2ccccc2)c3sccc3n1
CHEMBL1779512,8,COC[C@@H](O)CN1C(=O)C=NN(C1=O)c2ccc(Cl)c(c2)C(=O)NCC3(O)CCCCCC3
CHEMBL137,3,Cc1ncc([N+](=O)[O-])n1CCO
CHEMBL2179269,3.39,C[C@@H](N1CCC[C@@H](C1)N2C=C(C)C(=O)NC2=O)c3ccc(C(=O)O)c(Oc4cccc(Cl)c4)c3
CHEMBL1367530,150,Cc1ccc(cc1)c2oc(SCC(=O)N3CCN(CC3)c4ccccc4)nn2
CHEMBL113,3,CN1C(=O)N(C)c2ncn(C)c2C1=O
CHEMBL1766793,20.89,CC(C)S(=O)(=O)c1ccc(cc1)c2cnc(N)c(n2)C(=O)Nc3ccccc3
CHEMBL1944690,42,O[C@@H](CNCCc1cccc(CNCCc2ccccc2Cl)c1)c3ccc(O)c4NC(=O)Sc34
CHEMBL1921944,67,C[C@@](N1CCCCC1)(C(=O)O[C@H]2C[N+]3(CC(=O)Nc4cccc(F)c4)CCC2CC3)c5ccccc5
CHEMBL464552,21.88,CNC(=O)c1c(F)cccc1Nc2nc(Nc3cc4N(CCc4cc3OC)C(=O)CN(C)C)nc5[nH]ccc25
CHEMBL562698,7.2,Clc1c(ccnc1N2CCNCC2)C(=O)NCC34CC5CC(CC(C5)C3)C4
CHEMBL2031562,23.44,Nc1cc(cc(c1)C(F)(F)F)C(=O)Nc2cccc(c2)c3nnn[nH]3
CHEMBL1431736,5.25,CC(NC(=O)c1cc(O)nc2ccccc12)c3ccccc3
CHEMBL324875,150,Cc1ccc(CCOCCNS(=O)(=O)CCCNCCc2ccc(O)c3nc(O)sc23)cc1
CHEMBL408,150,Cc1c(C)c2OC(C)(COc3ccc(CC4SC(=O)NC4=O)cc3)CCc2c(C)c1O
CHEMBL1934414,8,C[C@H](NC(=O)c1c(C)nn(C2CCCC2)c1NS(=O)(=O)c3ccc(C)cc3)C(C)(C)C
CHEMBL1916280,17.32,CCC(C)NC(=O)c1c(C)nn(c1NS(=O)(=O)c2ccc(C)cc2)c3ccccc3
CHEMBL782,6.61,CCCCNC(=O)NS(=O)(=O)c1ccc(C)cc1
CHEMBL1857945,23.99,CN(C)CCNc1cc(nc2cc(nn12)c3ccc(F)cc3)c4ccccc4
CHEMBL111732,150,CN(CCN(C)C(=O)CCOCCc1ccccc1)CCc2ccc(O)c3nc(O)sc23
CHEMBL1300857,150,Cc1[nH]c2ccc(cc2c1C)c3oc(SCC(=O)N4CCCc5ccccc45)nn3
CHEMBL1689109,3,OC(=O)COc1ccc(Cl)cc1CN2CCN(CC2)S(=O)(=O)c3ccccc3
CHEMBL244936,3.8,CC(C)N1CCC[C@H](CN2C(=Nc3ccc(cc3C2=O)c4ccc(Cl)cc4)C)C1
CHEMBL1478592,150,Cc1c(sc2ncnc(O)c12)C(=O)Nc3ccccc3
CHEMBL914,3,CC(C)(C(=O)O)c1ccc(cc1)C(O)CCCN2CCC(CC2)C(O)(c3ccccc3)c4ccccc4
CHEMBL112,10.8,CC(=O)Nc1ccc(O)cc1
CHEMBL100979,21.38,Cc1nc2ccccn2c1c3ccnc(N)n3
CHEMBL672,54,CC(C)OC(=O)C(C)(C)Oc1ccc(cc1)C(=O)c2ccc(Cl)cc2
CHEMBL1916263,7,CCC(CC)NC(=O)c1cn(nc1NS(=O)(=O)c2ccc(C)cc2)c3ccccc3
CHEMBL2171169,26.92,CC(C)N(CCCNC(=O)Nc1ccc(cc1)C(C)(C)C)C[C@H]2O[C@H]([C@H](O)[C@@H]2O)n3cnc4c(N)ncnc34
CHEMBL257830,19.6,NS(=O)(=O)NC(=O)CCCc1c([nH]c2ccc(cc12)C#N)c3ccc(F)cc3
CHEMBL33,3,C[C@H]1COc2c(N3CCN(C)CC3)c(F)cc4C(=O)C(=CN1c24)C(=O)O
CHEMBL1807829,19.44,O[C@@H](CNCCSCCCNCCc1cccc(Cl)c1Cl)c2ccc(O)c3NC(=O)Sc23
CHEMBL2035019,150,NC1(CCC1)c2ccc(cc2)c3nn4ccnc4cc3c5ccccc5
CHEMBL1088752,6.31,Cc1c(F)cc(cc1c2ccc(cn2)C(=O)NCC(C)(C)C)C(=O)NC3CC3
CHEMBL2158782,3.87,Cc1cc(OC2CCN(CC3CCN(CC3)[C@@H](Cc4ccc(F)cc4)C(=O)O)CC2)ccc1Cl
CHEMBL1201753,7.11,O[C@H](C[C@H](O)\C=C\c1c(nc2ccccc2c1c3ccc(F)cc3)C4CC4)CC(=O)O
CHEMBL2158827,9,OC(=O)Cc1ccc(cc1)N2CCC(CN3CCC(CC3)Oc4ccc(Cl)c(Cl)c4)CC2
CHEMBL370492,102.33,CCc1nc2cc(O)ccc2c(Oc3ccc(\C=C\C(=O)O)cc3)c1c4ccccc4
CHEMBL1944693,29,COc1ccccc1CCNCc2cccc(CCNC[C@H](O)c3ccc(O)c4NC(=O)Sc34)c2
CHEMBL1956163,150,O=C(Nc1cccc2cccnc12)[C@@H]3CC[C@H](CC3)N4C(=O)[C@@H]5[C@@H]6CC[C@@H](C6)[C@@H]5C4=O
CHEMBL1761322,3,CCS(=O)(=O)CCCC12CCC(CC1)(CC2)c3nnc(c4ccccc4C(F)(F)F)n3C
CHEMBL2181753,18.2,CCN(Cc1cc(ccc1c2cc(CC(=O)O)ccc2OC)C(F)(F)F)C(=O)NCc3ccccc3
CHEMBL1689114,5,OC(=O)COc1ccc(Cl)cc1CN2CCCN(CC2)S(=O)(=O)c3ccccc3
CHEMBL585640,150,CCn1c(SCC(=O)Nc2cccc(C)c2)nnc1c3ccccc3
CHEMBL1922660,6.92,CCOc1ccc(cn1)c2ccc(Cn3c(CC(C)(C)C(=O)O)c(SC(C)(C)C)c4cc(OCc5ccc(C)cn5)ccc34)cc2
CHEMBL406,13.18,CC1Cc2ccccc2N1NC(=O)c3ccc(Cl)c(c3)S(=O)(=O)N
CHEMBL412142,108,Cc1c[nH]c(n1)c2cnc(NCCNc3ccc(cn3)C#N)nc2c4ccc(Cl)cc4Cl
CHEMBL2179279,117.49,CCC(C)(C)C[C@@H](N1CCC[C@@H](C1)N2C=C(C)C(=O)NC2=O)c3ccc(C(=O)O)c(Oc4cccc(Cl)c4)c3
CHEMBL1322390,150,COc1ccc2nc(NC(=O)CCc3ccc(OC)c(OC)c3)sc2c1
CHEMBL33899,107.15,CC\C(=C(/c1ccccc1)\c2ccc(\C=C\C(=O)O)cc2)\c3ccccc3
CHEMBL1689128,3,C[C@H]1CN(Cc2cc(Cl)ccc2OCC(=O)O)CCN1C(=O)Cc3ccc(Cl)cc3
CHEMBL2110732,9.77,COc1cc2ncnc(Nc3ccc(F)c(Cl)c3)c2cc1NC(=O)\C=C\CN4CCCCC4
CHEMBL272842,28,OCc1ccc(OC2CCN(CC3CCN(CC3)[C@@H](Cc4ccccc4)C(=O)O)CC2)cc1Cl
CHEMBL1531981,66.07,Cc1oc(cc1C(=O)Nc2cccc(c2)C(=O)O)c3ccccc3
CHEMBL174107,70.79,CSc1ccc(cc1)N2C(=NC(=NC2(C)C)N)N
CHEMBL2031467,3,CCNC(=O)c1ccc(C)c(c1)N2C=Nc3ccc(cc3C2=O)N4CCN(C)CC4
CHEMBL1290353,22.91,CCC(NC(=O)Nc1cc(Cl)ccc1Cl)(C(F)(F)F)C(F)(F)F
CHEMBL2172000,8.13,C[C@@H]1CN(CCN1C(=O)[C@@H]2CCCC[C@H]2C(=O)NC3(CC3)C#N)c4ccc5c(C)nn(C)c5c4
CHEMBL1934426,3,C[C@H](NC(=O)c1c(C)nn(C2CCOCC2)c1NS(=O)(=O)c3ccc(cc3)C4CC4)C(C)(C)C
CHEMBL1231533,4.17,FC1(F)Oc2ccc(\C=C\3/SC(=O)NC3=O)cc2O1
CHEMBL379866,3,CC(C)c1nnc2ccc(cn12)c3ocnc3c4cc(F)ccc4F
CHEMBL190,5.75,CN1C(=O)N(C)c2nc[nH]c2C1=O
CHEMBL1975242,150,O=C(Nc1nc2C(=O)NC=Nc2s1)c3ccccc3
CHEMBL2089383,42.66,COc1ccc(NC(=O)C=C)cc1
CHEMBL278390,10.96,OC(=O)c1cc2ccccc2[nH]1
CHEMBL1962788,3,Clc1ccccc1N2NC3=CC(=O)N4CCCN(Cc5ccccc5)CC4=C3C2=O
CHEMBL1770471,150,CSCCC(NC(=O)c1sccc1Cl)c2nc3ccccc3[nH]2
CHEMBL2207654,3,O[C@H](CNC(=O)C1=CNC(=O)c2cc(ccc12)S(=O)(=O)N3CCC3)CN4CCC(CC4)Oc5ccc(Cl)c(Cl)c5
CHEMBL1934413,17,C[C@H](NC(=O)c1c(C)nn(C2CCC2)c1NS(=O)(=O)c3ccc(C)cc3)C(C)(C)C
CHEMBL402501,43,C[C@H](Cc1cccc(CC(=O)NC23CC4CC(CC(C4)C2)C3)c1)NC[C@H](O)c5ccc(O)c(CO)c5
CHEMBL193544,11,CN1CCC(CC1)Oc2cccc3ncnc(Nc4ccc(OCc5ccccn5)c(Cl)c4)c23
CHEMBL128,8,CNS(=O)(=O)Cc1ccc2[nH]cc(CCN(C)C)c2c1
CHEMBL2164850,150,O=C(NC1=CC(=CNC1=O)c2ccncc2)[C@H](Cc3ccccc3)NC4(CC4)c5ccccn5
CHEMBL1830707,36.31,C1Cc2n[nH]cc2c3nc(Nc4ccccn4)sc3C1
CHEMBL513412,87,COc1ccc(N(C(C(=O)NC[C@@H](C)O)c2ccccc2F)C(=O)c3occc3C)c(OC)c1
CHEMBL1783119,13.8,COc1ccc(cc1)C(=O)NCc2cn(nn2)c3cc(C)nc4ccc(OC)cc34
CHEMBL1645135,13.18,C[C@H](NC(=O)c1cccc2CCN(Cc3ccc(Cl)cc3)c12)c4ccc(cc4)C(=O)O
CHEMBL256668,42,C[C@H](CO)Nc1nc(SCc2cccc(F)c2F)nc3NC(=O)C=Nc13
CHEMBL564607,3,OC(=O)c1ccc(cc1)c2ccc(Cl)c(c2)C(=O)NCC34CC5CC(CC(C5)C3)C4
CHEMBL1778644,4.24,CCS(=O)(=O)c1ccc(c(F)c1)c2cc(Cl)ccc2OCC(=O)O
CHEMBL956,16,CC(C(=O)O)c1ccc(cc1)C(=O)c2cccs2
CHEMBL1916274,12,Cc1ccc(cc1)S(=O)(=O)Nc2c(C(=O)NC3CCCCC3)c(C)nn2c4ccccc4
CHEMBL2158774,3,Cc1ccc(C[C@H](N2CCC(CN3CCC(CC3)Oc4ccc(Cl)c(Cl)c4)CC2)C(=O)O)cc1
CHEMBL2170985,14.45,Nc1ncnc2c1ncn2[C@@H]3O[C@H](CSCCCNC(=O)NCc4ccccc4)[C@@H](O)[C@H]3O
CHEMBL2011441,3,COc1nc(Br)cnc1NS(=O)(=O)c2ccc(Cl)s2
CHEMBL2170989,28.18,Nc1ncnc2c1ncn2[C@@H]3O[C@H](CSCCCNC(=O)Nc4ccccc4)[C@@H](O)[C@H]3O
CHEMBL359864,35.48,Oc1nc2ccccc2n1C3CCN(Cc4ccc(cc4)c5nc6ccccc6cc5c7ccccc7)CC3
CHEMBL60066,149,[O-][n+]1cc(ccc1Cl)C(=O)Nc2ccc(F)cc2
CHEMBL1807870,12,O[C@@H](CNCCCSCCNCCc1ccccc1Cl)c2ccc(O)c3NC(=O)Sc23
CHEMBL1643200,31,Cc1cc(CN2Cc3ccccc3C[C@H]2C(=O)Nc4ccc(Cl)cc4Cl)ccc1OCC(=O)O
CHEMBL2163360,3,O=C(NC1(CC1)C#N)[C@@H]2CCCC[C@H]2C(=O)N3CCc4[nH]c5ncccc5c4C3
CHEMBL1874317,150,Fc1cccc(F)c1C(=O)OC(CNc2ncc(cc2Cl)C(F)(F)F)CC#N
CHEMBL260091,38.9,C[C@@H](O)[C@H](NC(=O)c1ccc(cc1)C#Cc2ccc(CN3CCOCC3)cc2)C(=O)NO
CHEMBL645,25.12,CC(C)NCC(O)COc1ccc(COCCOC(C)C)cc1
CHEMBL855,84,Cc1ccc(cc1)\C(=C/CN2CCCC2)\c3ccccn3
CHEMBL1921926,66,C[C@@](N1CCCCC1)(C(=O)O[C@H]2C[N+]3(CCCc4ccc5ncsc5c4)CCC2CC3)c6ccccc6
CHEMBL372052,21.3,C[C@@H](C(=O)O)c1cccc(c1)C(=O)c2ccccc2
CHEMBL2181926,104.71,CCOC(=O)C1=C(C)NC(=C([C@H]1c2cccc3C(=O)C=C(C)Oc23)C(=O)C)C
CHEMBL481,3,CCc1c2CN3C(=O)C4=C(C=C3c2nc5ccc(OC(=O)N6CCC(CC6)N7CCCCC7)cc15)[C@@](O)(CC)C(=O)OC4
CHEMBL1094168,35.48,CS(=O)(=O)c1ccc(cc1)[C@H](CC2CCCC2)C(=O)Nc3nccs3
CHEMBL2070137,24.55,CCS(=O)(=O)c1ccc2[nH]c(nc2c1)c3cccc(c3)c4ccccc4
CHEMBL1405928,91,C(Sc1nc2cccnc2[nH]1)c3ccccc3
CHEMBL1934422,3,C[C@H](NC(=O)c1c(C)nn(C2CCOCC2)c1NS(=O)(=O)c3ccc(C)cc3)C(C)(C)C
CHEMBL244521,29.51,CC(C)N1CCC[C@H](CN2C(=O)c3cc(ccc3N=C2C(C)C)c4ccc(F)cc4)C1
CHEMBL93484,3,CC1N=C(N)N=C(N)N1c2ccc(Cl)cc2
CHEMBL1213082,23.99,Cc1ccccc1N2C(=Nc3cccc(C)c3C2=O)Cn4cnc5c(N)ncnc45
CHEMBL153064,150,CC(=O)C1=Cc2ccc(O)cc2OC1=O
CHEMBL560241,57,Cc1cc(n[nH]1)c2ccc(Cl)c(c2)C(=O)NCC3(O)CCCCCC3
CHEMBL1096435,20.89,CS(=O)(=O)c1ccc(cc1)[C@@H](CC2CCCC2)C(=O)Nc3nccs3
CHEMBL394859,6,Clc1ccc(CNc2nc(nc3ncccc23)N4CCN(CC4)C(=O)[C@@H]5CCCN5)c(Cl)c1
CHEMBL2036958,42.66,CC1(CCCC2=CC(=O)OC3=C2C(=O)NC(=O)N3)CC1
CHEMBL1916289,5.01,C[C@H](NC(=O)c1c(C)nn(c1NS(=O)(=O)c2ccc(cc2)C(F)(F)F)c3ccc(F)cc3)C(C)(C)C
CHEMBL1916279,18,Cc1ccc(cc1)S(=O)(=O)Nc2c(C(=O)NCC(C)(C)C)c(C)nn2c3ccccc3
CHEMBL1164033,12.88,CN(C)CCOc1cc(NS(=O)(=O)c2c(Cl)cc(cc2Cl)C(F)(F)F)ccc1Cl
CHEMBL2062774,8.13,CCOc1noc2cc(OCCC3CCN(CC3)c4ccc(C)nn4)ccc12
CHEMBL103667,69.18,Cc1ccc(cc1)n2nc(cc2NC(=O)Nc3ccc(OCCN4CCOCC4)c5ccccc35)C(C)(C)C
CHEMBL1172,26.92,Clc1ccc2C(=C3CCNCC3)c4ncccc4CCc2c1
CHEMBL1472189,12.88,COc1ccc(CC(=O)Nc2nc3ccccc3[nH]2)cc1
CHEMBL2021706,23.99,CCC[C@@H](CNC(=O)c1nc(Cl)c(N)nc1N)[N+](C)(C)CCCc2ccc(OC)cc2
CHEMBL1345333,111,N(c1ccccc1)c2[nH]nnc2c3ccccc3
CHEMBL1829876,74.13,CN(CC(=O)N(Cc1ccc(cc1)C2CCCCC2)c3ccc(C(=O)O)c(O)c3)S(=O)(=O)c4c(F)c(F)c(F)c(F)c4F
CHEMBL81,30,Oc1ccc(cc1)c2sc3cc(O)ccc3c2C(=O)c4ccc(OCCN5CCCCC5)cc4
CHEMBL168899,7.94,OB1N(C(=O)Nc2ccccc12)c3ccccc3
CHEMBL1421,28.18,Cc1nc(Nc2ncc(s2)C(=O)Nc3c(C)cccc3Cl)cc(n1)N4CCN(CCO)CC4
CHEMBL110999,150,CN(CCCOCCOCCc1ccccc1)CCc2ccc(O)c3nc(O)sc23
CHEMBL203567,3,Nc1c(cnn1c2ccc(F)cc2)C(=O)c3cccc(OC[C@@H](O)CO)c3
CHEMBL1397672,3,CC1=C(Cc2ccccc2)C(=O)n3nc(NCc4cccc(Br)c4)nc3N1
CHEMBL1916083,64,CNC(=O)c1cnn(c1NS(=O)(=O)c2ccc(C)cc2)c3ccccc3
CHEMBL1082,3,CC1(C)S[C@@H]2[C@H](NC(=O)[C@H](N)c3ccc(O)cc3)C(=O)N2[C@H]1C(=O)O
CHEMBL1762530,31.62,CN(c1ccnc(Nc2cc(cc(c2)N3CCOCC3)N4CCOCC4)n1)c5cc(CO)ccc5C
CHEMBL2062583,12.3,CC(=O)Nc1ccc2c(c1)c(cn2CCCO)c3cc(NC4CC4)n5ncc(C#N)c5n3
CHEMBL2048865,5.13,N[C@@H]1CCCN(C1)c2ccccc2\C=C\3/SC(=O)NC3=O
CHEMBL106309,150,OC(=O)CCCCCCc1ccc(Cc2ccc3ccccc3n2)cc1
CHEMBL2179285,19.05,CC1=CN([C@H]2CCCN(C2)[C@H](CC3CCOCC3)c4ccc(C(=O)O)c(Oc5cccc(Cl)c5)c4)C(=O)NC1=O
CHEMBL259081,19.95,O=C1N=C(NCc2ccccc2)SN1Cc3ccccc3
CHEMBL130,69.18,OC[C@@H](NC(=O)C(Cl)Cl)[C@H](O)c1ccc(cc1)[N+](=O)[O-]
CHEMBL1669170,123.03,O=C(CN1CCOCC1)Nc2ccc(cc2c3ccccc3)c4cccc5C(=O)C=C(Oc45)N6CCOCC6
CHEMBL284275,3.63,COc1ccc(Cc2c(N)n[nH]c2N)cc1
CHEMBL1956129,3,C[C@@](CCc1ccc(cc1)c2ccc(Cl)cc2)(C(=O)NO)S(=O)(=O)C
CHEMBL9967,6.76,CN1CCN(CC(=O)N2c3ccccc3C(=O)Nc4cccnc24)CC1
CHEMBL2158773,3,Cc1cccc(C[C@H](N2CCC(CN3CCC(CC3)Oc4ccc(Cl)c(Cl)c4)CC2)C(=O)O)c1
CHEMBL271023,150,[O-][S+](c1ccccc1)c2ccc3nnnn3n2
CHEMBL2179283,52.48,CCCC(C)(C)C[C@@H](N1CCC[C@@H](C1)N2C=C(C)C(=O)NC2=O)c3ccc(C(=O)O)c(Oc4cccc(Cl)c4)c3
CHEMBL1945037,19,O[C@@H](CNCCc1cccc(CNCCCc2ccccc2)c1)c3ccc(O)c4NC(=O)Sc34
CHEMBL6966,104.71,COc1ccc(CCN(C)CCCC(C#N)(C(C)C)c2ccc(OC)c(OC)c2)cc1OC
CHEMBL1829174,10,Cc1cc(OCCCS(=O)(=O)C)cc(C)c1c2cccc(COc3ccc4[C@H](CC(=O)O)COc4c3)c2
CHEMBL2098332,150,Cc1cc(OCC(=O)Nc2ccccc2)c3cc(Br)ccc3n1
CHEMBL2361207,18.2,COc1ccc(cc1)C#Cc2ccc(cc2)[C@@H]3[C@H](CO)N4CCCCN(C[C@@H]34)C(=O)Nc5cccc(F)c5
CHEMBL1465276,46.77,O=C(C1CCN(CC1)c2nnc(s2)n3cccc3)N4CCc5ccccc5C4
CHEMBL1829783,64.57,C[C@H](N1CC[C@](CCO)(OC1=O)c2ccc(F)cc2)c3ccc(cc3)c4ccc(F)cc4F
CHEMBL2158779,3,OC(=O)[C@H](Cc1ccc(F)cc1)N2CCC(CN3CCC(CC3)Oc4ccc(Cl)cc4Cl)CC2
CHEMBL1916266,9.95,CCC(CC)NC(=O)c1cnn(c1NS(=O)(=O)c2ccc(C)cc2)c3ccccn3
CHEMBL1628691,150,Clc1cccc(c1Cl)n2nnnc2NCc3ccccc3Oc4ccccn4
CHEMBL112273,117.49,Nc1ccc2c(c3ccncc3)c([nH]c2n1)c4ccc(F)cc4
CHEMBL1439884,150,CCCCn1c(SCC(=O)Nc2cc(C)on2)nnc1c3occc3
CHEMBL2347404,44.67,Fc1cccc(COc2ccc(Nc3ncnc4ccc(cc34)c5cccc(c5)N6CCOCC6)cc2Cl)c1
CHEMBL1916285,10,C[C@H](NC(=O)c1c(C)nn(c1NS(=O)(=O)c2cccc(CN3CCOCC3)c2)c4ccccc4)C(C)(C)C
CHEMBL1924034,16,CN(C)C(C)(C(=O)OC1CC[N+](C)(C)CC1)c2ccccc2
CHEMBL406852,10.47,COc1nc(N)nc2c1ncn2[C@@H]3O[C@H](CO)[C@@H](O)[C@H]3O
CHEMBL1963231,119,CC(C1CCCC1)(C(=O)O[C@@H]2CC[N+](C)(C)C2)c3ccccc3
CHEMBL2017291,3.39,COc1cc2c3N([C@H](C)c4ccccn4)C(=O)Nc3cnc2cc1c5c(C)onc5C
CHEMBL2331751,38.02,CC1=CN([C@H]2CCCN(C2)S(=O)(=O)c3ccc(O)c(Oc4cccc(Br)c4)c3)C(=O)NC1=O
CHEMBL2171278,150,Cc1ccc(NC(=O)[C@@H]2CCCN2S(=O)(=O)c3cccc4cccnc34)c(C)c1
CHEMBL1489611,89.13,Cc1cc(C)cc(c1)c2oc(SCC(=O)N3CCN(CC3)C(=O)c4occc4)nn2
CHEMBL551984,8,O[C@@H]1CCN(C1)c2ccc3c(NC(=O)CNc4cccc(c4)C#N)c(Cl)ccc3n2
CHEMBL2179280,36.31,CCC(CC)C[C@@H](N1CCC[C@@H](C1)N2C=C(C)C(=O)NC2=O)c3ccc(C(=O)O)c(Oc4cccc(Cl)c4)c3
CHEMBL1359777,150,Cc1cc(C(=O)CN2C=C(C=CC2=O)C(F)(F)F)c(C)n1Cc3ccccc3
CHEMBL1346,50.96,NC(=O)C([C@@H]1CCN(CCc2ccc3OCCc3c2)C1)(c4ccccc4)c5ccccc5
CHEMBL1351332,138.04,O=C(NCc1ccccc1)c2cc(on2)c3occc3
CHEMBL2057372,5,CC(C)(C)NS(=O)(=O)c1cncc(c1)c2ccc3nc(NC(=O)NCC(=O)N4CCOCC4)nn3c2
CHEMBL2169919,33.88,CC(C)N(CCCNC(=O)Nc1ccc(cc1)C(C)(C)C)C[C@H]2O[C@H]([C@H](O)[C@@H]2O)n3ccc4c(N)ncnc34
CHEMBL203059,150,O=C(Nc1cc(ccn1)c2ccnc(Nc3ccccc3)c2)C4CCOCC4
CHEMBL1164184,5.5,Fc1cnc(NC(=O)C(CC2CCOCC2)c3ccc(cc3)S(=O)(=O)C4CC4)s1
CHEMBL556680,43,O=C(CC12CC3CC(CC(C3)C1)C2)Nc4cccc5C(=O)N(C[C@H]6CCCN6)C=Cc45
CHEMBL1091291,3,CCCCCCCC(=O)N[C@@H](CCN)C(=O)N[C@@H]([C@@H](C)O)C(=O)N[C@@H](CCN)C(=O)N[C@H]1CCNC(=O)[C@H](C)NC(=O)[C@H](CCN)NC(=O)[C@H](CCN)NC(=O)[C@H](CC(C)C)NC(=O)[C@@H](Cc2ccccc2)NC(=O)[C@H](CCN)NC1=O
CHEMBL2035033,150,NC1(CCC1)c2ccc(cc2)c3c(ccn4ccnc34)c5ccccc5
CHEMBL1868114,147.91,COCCNc1nc(NCc2ccccc2F)c3sccc3n1
CHEMBL1468936,147.91,CCOC(=O)c1c(nc2cc(C)ccn12)c3ccccc3
CHEMBL1770297,27,CCOc1ccc2oc(C(=O)NC(CCSC)c3nc4ccccc4[nH]3)c(C)c2c1
CHEMBL1645495,50,O=C1C=C(Nc2cc(Cc3ccccc3)ccc12)c4cccnc4
CHEMBL1945031,24,Cc1cccc2c(CCNCc3cccc(CCNC[C@H](O)c4ccc(O)c5NC(=O)Sc45)c3)c[nH]c12
CHEMBL2179277,48.98,CC1=CN([C@H]2CCCN(C2)[C@H](CC(C)(C)C)c3ccc(C(=O)O)c(Oc4cccc(Br)c4)c3)C(=O)NC1=O
CHEMBL1689117,3,OC(=O)COc1ccc(Cl)cc1CN2CCN(CC2)S(=O)(=O)c3ccc(F)cc3
CHEMBL23,150,COc1ccc(cc1)[C@@H]2Sc3ccccc3N(CCN(C)C)C(=O)[C@@H]2OC(=O)C
CHEMBL1900528,135,C[N+]1(C)[C@@H]2C[C@H](C[C@H]1[C@@H]3O[C@H]23)OC(=O)C(O)(c4cccs4)c5cccs5
CHEMBL1800660,150,CCCCN(CCNC[C@H](O)c1ccc(O)c2NC(=O)Sc12)C(=O)CCOCCc3ccccc3
CHEMBL1770469,74,CSCCC(NC(=O)c1cnccn1)c2nc3ccccc3[nH]2
CHEMBL46740,35.48,Cc1c(c2ccc(O)cc2)n(Cc3ccc(OCCN4CCCCCC4)cc3)c5ccc(O)cc15
CHEMBL574059,6.17,CN1C(=O)C(=Cc2cnc(Nc3ccc(F)cc3)nc12)c4c(Cl)cccc4Cl
CHEMBL1916281,7,CC(NC(=O)c1c(C)nn(c1NS(=O)(=O)c2ccc(C)cc2)c3ccccc3)C(C)(C)C
CHEMBL1689111,9,OC(=O)COc1ccc(Cl)cc1CN2CCN(CC2)S(=O)(=O)Cc3ccccc3
CHEMBL54,14.24,OC1(CCN(CCCC(=O)c2ccc(F)cc2)CC1)c3ccc(Cl)cc3
CHEMBL2031238,3,CN1CCN(CC1)c2ccc3N=CN(C(=O)c3c2)c4cc(NC(=O)c5cocc5)ccc4C
CHEMBL565755,74.13,CCOc1ccc2nc(N)sc2c1
CHEMBL436826,43.36,CCOc1ccc(cc1)N2C(=O)c3ccccc3N=C2[C@@H](C)N(Cc4cccnc4)C(=O)Cc5ccc(cc5)C(F)(F)F
CHEMBL714,12,CC(C)(C)NCC(O)c1ccc(O)c(CO)c1
CHEMBL1689123,4,CC[C@H]1CN(Cc2cc(Cl)ccc2OCC(=O)O)CCN1S(=O)(=O)c3ccccc3
CHEMBL473,13.18,CN(CCOc1ccc(NS(=O)(=O)C)cc1)CCc2ccc(NS(=O)(=O)C)cc2
CHEMBL2141746,54.95,CCCNC(=O)CSc1ccc(cn1)S(=O)(=O)N2CCCC2
CHEMBL1783112,6.76,COc1ccc2nc(C)cc(c2c1)n3cc(CNC(=O)C)nn3
CHEMBL2169908,9.33,C[C@@H]1CN(CCN1C(=O)[C@@H]2CCCC[C@H]2C(=O)NC3(CC3)C#N)c4ccc5c(C)noc5c4
CHEMBL453,3,Cc1noc(NS(=O)(=O)c2ccc(N)cc2)c1C
CHEMBL1013,3,N[C@@H](C(=O)N[C@H]1[C@H]2CCC(=C(N2C1=O)C(=O)O)Cl)c3ccccc3
CHEMBL376488,14.13,COc1nc2ccc(Br)cc2cc1[C@@H](c3ccccc3)[C@@](O)(CCN(C)C)c4cccc5ccccc45
CHEMBL1916278,14,Cc1ccc(cc1)S(=O)(=O)Nc2c(C(=O)NC3CCOCC3)c(C)nn2c4ccccc4
CHEMBL1945041,60,O[C@@H](CNCCc1cccc(CNCc2ccccc2Cl)c1)c3ccc(O)c4NC(=O)Sc34
CHEMBL1289545,47,Cc1nc(cs1)C(=O)N2CCOC3(CCN(Cc4ccc(Cl)cc4)CC3)C2
CHEMBL1865796,150,Cc1ccccc1Nc2nc(N)nc(C)c2Br
CHEMBL205078,150,Fc1ccc(Nc2cc(ccn2)c3ccnc(NC(=O)C4CCOCC4)c3)cc1
CHEMBL1950864,19.95,CN[C@@H](C)C(=O)N[C@@H](C1CCCCC1)C(=O)N[C@H]2C[C@@H]3CC[C@H]2N(CCc4ccccc4)C3
CHEMBL109244,98,Oc1ccc(CCNCCCCCCNC(=O)Nc2ccccc2)c3sc(O)nc13
CHEMBL564737,12.5,OC(=O)c1ccccc1c2ccc(Cl)c(c2)C(=O)NCC3(O)CCCCCC3
CHEMBL1077827,19.95,CCOc1ccc(cc1)N2C(=O)c3cccnc3N=C2[C@@H](C)N(CC4CCN(C)CC4)C(=O)Cc5ccc(F)c(c5)C(F)(F)F
CHEMBL1807826,6,O[C@@H](CNCCSCCCNCCc1cccc(c1)C(F)(F)F)c2ccc(O)c3NC(=O)Sc23
CHEMBL114,150,CC(C)(C)NC(=O)[C@@H]1C[C@@H]2CCCC[C@@H]2CN1C[C@@H](O)[C@H](Cc3ccccc3)NC(=O)[C@H](CC(=O)N)NC(=O)c4ccc5ccccc5n4
CHEMBL1916085,48.44,CN(C1CCCCC1)C(=O)c2cnn(c2NS(=O)(=O)c3ccc(C)cc3)c4ccccc4
CHEMBL1773082,6.17,C[C@H](Nc1nc(Nc2cc(C)[nH]n2)c(Cl)cc1C#N)c3ccc(F)cn3
CHEMBL272551,150,O=S(=O)(N1CCN(Cc2ccccc2)CC1)c3ccccc3
