NAME,LC50,log(1/LC50),"SMILES,C,100"
4-(HEXYLOXY)-M-ANISALDEHYDE,2.67,-0.4265112614,c1cc(C=O)cc(OC)c1OCCCCCC
5-BROMO-2-NITROVANILLIN,73.3,-1.8651039746,c1(OC)c(N(=O)=O)c(C=O)cc(Br)c1O
P-CHLOROPHENYL-O-NITROPHENYL ETHER,1.92,-0.2833012287,c1cc(Cl)ccc1Oc2c(N(=O)=O)cccc2
3'-CHLORO-O-FORMOTOLUIDIDE,46.6,-1.6683859167,Cc1c(NC=O)cccc1Cl
DI-n-BUTYLISOPHTHALATE,0.9,0.0457574906,CCCCOC(=O)c1cccc(C(=O)OCCCC)c1
"1,1-DIPHENYL-2-PROPYN-1-OL",11.1,-1.0453229788,C(c1ccccc1)(c2ccccc2)(O)C#C
"4,7-DITHIADECANE",7.52,-0.8762178406,CCCSCCSCCC
"4,9-DITHIADODECANE",2.99,-0.4756711883,CCCSCCCCSCCC
2-CHLOROETHYL-N-CYCLOHEXYL CARBAMATE,35,-1.5440680444,ClCCOC(=O)NC1CCCCC1
PHENOBARBITAL,484,-2.6848453616,N1C(=O)C(c2ccccc2)(CC)C(=O)NC1=O
"2,4-DINITROPHENOL #5",10.5,-1.0211892991,Oc1c(N(=O)=O)cc(N(=O)=O)cc1
"2,4-DINITROPHENOL #6",11,-1.0413926852,Oc1c(N(=O)=O)cc(N(=O)=O)cc1
"2,4-DINITROPHENOL #7",11,-1.0413926852,Oc1c(N(=O)=O)cc(N(=O)=O)cc1
"2,4-DINITROPHENOL #2",10.6,-1.0253058653,Oc1c(N(=O)=O)cc(N(=O)=O)cc1
"2,4-DINITROPHENOL #4",10.6,-1.0253058653,Oc1c(N(=O)=O)cc(N(=O)=O)cc1
"2,4-DINITROPHENOL #1",19.4,-1.2878017299,Oc1c(N(=O)=O)cc(N(=O)=O)cc1
"2,4-DINITROPHENOL #3",6.58,-0.8182258936,Oc1c(N(=O)=O)cc(N(=O)=O)cc1
"2,4-DINITROPHENOL #9",13.3,-1.123851641,Oc1c(N(=O)=O)cc(N(=O)=O)cc1
"2,4-DINITROPHENOL #8",8.15,-0.9111576087,Oc1c(N(=O)=O)cc(N(=O)=O)cc1
"2,4-DINITROPHENOL #10",11.9,-1.0755469614,Oc1c(N(=O)=O)cc(N(=O)=O)cc1
URETHANE,5240,-3.719331287,O=C(N)OCC
SALICYLIC ACID NA+ #2,2160,-3.3344537512,c1(O)ccccc1C(=O)O
SALICYLIC ACID NA+ #1,1370,-3.1367205672,c1(O)ccccc1C(=O)O
BENZAMIDE,661,-2.8202014595,c1ccccc1C(=O)N
"1,1-DIMETHYLHYDRAZINE",7.85,-0.8948696567,NN(C)C
PENTOBARBITAL,49.5,-1.6946051989,N1C(=O)C(CC)(C(C)CCC)C(=O)NC1=O
AMOBARBITAL,85.4,-1.9314578707,N1C(=O)C(CC)(CCC(C)C)C(=O)NC1=O
CAFFEINE,151,-2.1789769473,CN1C(=O)N(C)C(=O)C2=C1N=CN2C
"2-METHYL-1,4-NAPHTHOQUINONE",0.11,0.9586073148,c1cccc2C(=O)C(C)=CC(=O)c12
"2,3,4,6-TETRACHLOROPHENOL",1.03,-0.0128372247,Oc1c(Cl)c(Cl)c(Cl)cc1Cl
4-CHLORO-3-METHYL PHENOL #1,7.38,-0.8680563618,Oc1cc(C)c(Cl)cc1
4-CHLORO-3-METHYL PHENOL #2,4.05,-0.6074550232,Oc1cc(C)c(Cl)cc1
TOLAZOLINE HYDROCHLORIDE,354,-2.549003262,c1ccccc1CC2=NCCN2
AMPHETAMINE SULFATE,28.8,-1.4593924878,c1ccccc1CC(N)C
DIETHYL ETHER,2560,-3.4082399653,O(CC)CC
STRYCHNINE HEMISULPHATE SALT,1.11,-0.0453229788,O=C5CC3OCC=C2CN1CCC46C1CC2C3C4N5c7ccccc67
ANILINE #1,134,-2.1271047984,Nc1ccccc1
ANILINE #3,114,-2.0569048513,Nc1ccccc1
ANILINE #2,75.5,-1.8779469516,Nc1ccccc1
CARBARYL (SEVIN) #2,8.93,-0.9508514589,CNC(=O)Oc1cccc2ccccc12
CARBARYL (SEVIN) #3,10.4,-1.0170333393,CNC(=O)Oc1cccc2ccccc12
CARBARYL (SEVIN) #4,9.47,-0.976349979,CNC(=O)Oc1cccc2ccccc12
CARBARYL (SEVIN) #1,6.67,-0.8241258339,CNC(=O)Oc1cccc2ccccc12
ETHANOL,14200,-4.1522883444,CCO
ETHANOL-RHODAMINE B,15300,-4.1846914308,CCO
NICOTINE SULFATE #1,12.2,-1.0863598307,c1ncccc1C2CCCN2C
NICOTINE SULFATE #2,15.6,-1.1931245984,c1ncccc1C2CCCN2C
2-HYDROXYBENZAMIDE,101,-2.0043213738,c1(O)ccccc1C(=O)N
HEXANAL #2,14,-1.1461280357,CCCCCC=O
HEXANAL #1,22,-1.3424226808,CCCCCC=O
DICUMAROL,5.11,-0.7084209001,O=C1Oc2ccccc2C(O)=C1CC3=C(O)c4ccccc4OC3=O
P-PHENOXYBENZALDEHYDE,4.6,-0.6627578317,c1(C=O)ccc(Oc2ccccc2)cc1
METHANOL-RHODAMINE B,29400,-4.4683473304,CO
2-PROPANOL #1,9640,-3.9840770339,CC(O)C
2-PROPANOL #2,10400,-4.0170333393,CC(O)C
2-PROPANOL #3,6550,-3.8162413,CC(O)C
ACETONE #1,8120,-3.9095560292,CC(=O)C
ACETONE #2,7280,-3.8621313793,CC(=O)C
ACETONE #3,6210,-3.7930916002,CC(=O)C
CHLOROFORM,70.7,-1.8494194138,C(Cl)(Cl)(Cl)
METHYL SULFOXIDE,34000,-4.531478917,CS(=O)C
HEXACHLOROETHANE #1,1.53,-0.1846914308,ClC(Cl)(Cl)C(Cl)(Cl)Cl
HEXACHLOROETHANE #2,1.32,-0.1205739312,ClC(Cl)(Cl)C(Cl)(Cl)Cl
"2,2'-METHYLENE BIS(3,4,6-TRICHLOROPHENOL)",0.021,1.6777807053,Oc1c(Cl)cc(Cl)c(Cl)c1Cc2c(Cl)c(Cl)cc(Cl)c2O
4'-AMINOPROPIOPHENONE,146,-2.1643528558,c(cc(c1)C(=O)CC)c(c1)N
1-PROPANOL#1,4630,-3.665580991,OCCC
1-PROPANOL#2,4480,-3.651278014,OCCC
1-BUTANOL,1730,-3.2380461031,CCCCO
1-PENTANOL,472,-2.6739419986,CCCCCO
BENZENE #2,24.6,-1.3909351071,c1ccccc1
BENZENE #1,12.6,-1.1003705451,c1ccccc1
"1,1,1-TRICHLOROETHANE #1",52.9,-1.723455672,ClC(Cl)(Cl)C
"1,1,1-TRICHLOROETHANE #2",42.3,-1.6263403674,ClC(Cl)(Cl)C
"THIOPENTAL,SODIUM SALT",26.2,-1.4183012913,N1C(=O)C(CC)(C(C)CCC)C(=O)NC1=S
ACETONITRILE,1644,-3.2159018132,CC#N
ETHANAL #1,30.8,-1.4885507165,CC=O
ETHANAL #2,37.2,-1.5705429399,CC=O
DICHLOROMETHANE,330,-2.5185139399,C(Cl)(Cl)
IODOFORM,2.92,-0.4653828514,IC(I)I
2-METHYL-2-PROPANOL,6410,-3.8068580295,CC(C)(O)C
"2,2,2-TRIFLUOROETHANOL",119,-2.0755469614,C(F)(F)(F)CO
"3,3-DIMETHYL-2-BUTANONE",87,-1.9395192526,CC(=O)C(C)(C)C
PENTACHLOROETHANE,7.53,-0.8767949762,C(Cl)(Cl)(Cl)C(Cl)(Cl)
"5,5-DIMETHYLHYDANTOIN",16460,-4.2164298309,CC1(C)NC(=O)NC1=O
3-METHYL-3-PENTANOL,672,-2.8273692731,CCC(O)(C)CC
3-METHYL-1-PENTYN-3-OL,1220,-3.0863598307,C#CC(O)(C)CC
1-ETHYNYL-CYCLOHEXANOL,256,-2.4082399653,C1CCCC(C#C)(O)C1
TRIS(2-BUTOXYETHYL) PHOSPHATE,11.2,-1.0492180227,CCCCOCCOP(=O)(OCCOCCCC)OCCOCCCC
2-METHYL-1-PROPANOL,1430,-3.1553360375,OCC(C)C
"1,2-DICHLOROPROPANE",127,-2.103803721,ClCC(Cl)C
"1,2-DIAMINOPROPANE",1010,-3.0043213738,NCC(N)C
2-BUTANOL,3670,-3.5646660643,CC(O)CC
2-BUTANONE,3220,-3.5078558717,CCC(=O)C
1-AMINO-2-PROPANOL,2520,-3.4014005408,OC(C)CN
"1,1,2-TRICHLOROETHANE",81.6,-1.9116901588,ClC(Cl)CCl
TRICHLOROETHYLENE,44.1,-1.6444385895,ClC(Cl)=C(Cl)
METHYL ACETATE #1,320,-2.5051499783,CC(=O)OC
METHYL ACETATE #2,399,-2.6009728957,CC(=O)OC
"1,1,2,2-TETRACHLOROETHANE",20.3,-1.3074960379,ClC(Cl)C(Cl)Cl
B-IONONE,5.09,-0.7067177823,C1(C)(C)CCCC(C)=C1C=CC(C)=O
"4,4'-ISOPROPYLIDENEBIS(2,6-DICHLOROPHENOL)",1.33,-0.123851641,Clc(c(O)c(Cl)c1)cc1C(c(cc(Cl)c2O)cc2Cl)(C)C
P-TERT-PENTYLPHENOL,2.59,-0.4132997641,CCC(C)(C)c1ccc(O)cc1
"1,8-DIAMINO-P-MENTHANE",65.3,-1.8149131813,C(CC(C1)C(N)(C)C)C(C1)(N)C
"A,A-2,6-TETRACHLOROTOLUENE",0.97,0.0132282657,ClC(Cl)c1c(Cl)cccc1Cl
ACENAPHTHENE,1.73,-0.2380461031,c1ccc2cccc3c2c1CC3
3-METHYLINDOLE,8.84,-0.946452265,c(ccc1C=2C)cc1NC2
ROTENONE #1,0.0045,2.3467874862,C=C(C)C1Oc2ccc3C(=O)C4c5cc(OC)c(OC)cc5OCC4Oc3c2C1
ROTENONE #2,0.006,2.2218487496,C=C(C)C1Oc2ccc3C(=O)C4c5cc(OC)c(OC)cc5OCC4Oc3c2C1
DIPHENYL PHTHALATE,0.08,1.096910013,c1ccccc1OC(=O)c2ccccc2C(=O)Oc3ccccc3
DIETHYL PHTHALATE,31.8,-1.50242712,CCOC(=O)c1ccccc1C(=O)OCC
DI-N-BUTYLORTHOPHTHALATE #1,0.85,0.0705810743,c(ccc1C(=O)OCCCC)cc1C(=O)OCCCC
DI-N-BUTYLORTHOPHTHALATE #2,1.1,-0.0413926852,c(ccc1C(=O)OCCCC)cc1C(=O)OCCCC
AZINPHOS-METHYL,0.064,1.193820026,COP(OC)(=S)SCN1N=Nc2ccccc2C1=O
SALICYLANILIDE,3.95,-0.5965970956,c1ccccc1NC(=O)c2c(O)cccc2
SALICYLANILIDE,3.95,-0.5965970956,c1ccccc1NC(=O)c2c(O)cccc2
"HEXACHLORO-1,3-BUTADIENE",0.09,1.0457574906,C(Cl)(Cl)=C(Cl)C(Cl)=C(Cl)(Cl)
"HEXACHLORO-1,3-BUTADIENE",0.09,1.0457574906,C(Cl)(Cl)=C(Cl)C(Cl)=C(Cl)(Cl)
PENTACHLOROPHENOL #1,0.24,0.6197887583,Oc1c(Cl)c(Cl)c(Cl)c(Cl)c1Cl
PENTACHLOROPHENOL #2,0.237,0.625251654,Oc1c(Cl)c(Cl)c(Cl)c(Cl)c1Cl
PENTACHLOROPHENOL #3,0.301,0.5214335044,Oc1c(Cl)c(Cl)c(Cl)c(Cl)c1Cl
PENTACHLOROPHENOL #4,0.242,0.616184634,Oc1c(Cl)c(Cl)c(Cl)c(Cl)c1Cl
PENTACHLOROPHENOL #5,0.35,0.4559319556,Oc1c(Cl)c(Cl)c(Cl)c(Cl)c1Cl
PENTACHLOROPHENOL #9,0.381,0.4190750243,Oc1c(Cl)c(Cl)c(Cl)c(Cl)c1Cl
PENTACHLOROPHENOL #7,0.222,0.6536470255,Oc1c(Cl)c(Cl)c(Cl)c(Cl)c1Cl
PENTACHLOROPHENOL #8,0.261,0.5833594927,Oc1c(Cl)c(Cl)c(Cl)c(Cl)c1Cl
PENTACHLOROPHENOL #6,0.0986,1.0061230851,Oc1c(Cl)c(Cl)c(Cl)c(Cl)c1Cl
"2,4,6-TRICHLOROPHENOL #1",9.16,-0.9618954737,Oc1c(Cl)cc(Cl)cc1Cl
"2,4,6-TRICHLOROPHENOL #2",4.55,-0.6580113967,Oc1c(Cl)cc(Cl)cc1Cl
"2,4,6-TRICHLOROPHENOL #3",2.8,-0.4471580313,Oc1c(Cl)cc(Cl)cc1Cl
3-TRIFLUOROMETHYL-4-NITROPHENOL,9.14,-0.9609461957,Oc1cc(C(F)(F)F)c(N(=O)=O)cc1
ANTHRANILAMIDE,395,-2.5965970956,c1(N)ccccc1C(=O)N
2-NITROPHENOL,160,-2.2041199827,Oc1c(N(=O)=O)cccc1
"2-sec-BUTYL-4,6-DINITROPHENOL (DINOSEB #1)",0.7,0.15490196,Oc1c(C(C)CC)cc(N(=O)=O)cc1N(=O)=O
"2-sec-BUTYL-4,6-DINITROPHENOL (DINOSEB #2)",0.41,0.3872161433,Oc1c(C(C)CC)cc(N(=O)=O)cc1N(=O)=O
SALICYLALDEHYDE,2.3,-0.361727836,O=Cc1ccccc1O
1-NAPHTHOL,4.63,-0.665580991,Oc1cccc2ccccc12
2-PHENYLPHENOL,6.15,-0.7888751158,Oc1c(c2ccccc2)cccc1
"3,5-DIBROMOSALICYLALDEHYDE",0.85,0.0705810743,Brc1c(O)c(C=O)cc(Br)c1
NAPHTHALENE,6.14,-0.7881683711,c1cccc2ccccc12
QUINOLINE,77.8,-1.890979597,n(ccc1)c(ccc2)c1c2
"N,N-DIETHYLCYCLOHEXYLAMINE",21.4,-1.3304137733,CCN(CC)C1CCCCC1
"N,N-DIETHYLANILINE",16.4,-1.214843848,CCN(CC)c1ccccc1
2-(N-ETHYL-M-TOLUIDINO)ETHANOL,52.9,-1.723455672,OCCN(CC)c1cc(C)ccc1
1-BENZOYLACETONE,1.1,-0.0413926852,c1ccccc1C(=O)CC(=O)C
ETHYL P-AMINOBENZOATE #2,36,-1.5563025008,c1cc(N)ccc1C(=O)OCC
ETHYL P-AMINOBENZOATE #1,35.4,-1.549003262,c1cc(N)ccc1C(=O)OCC
PIPERINE (ALIPHATIC),7.84,-0.8943160627,O1COc2ccc(C=CC=CC(=O)N3CCCCC3)cc12
"2,4-DIHYDROXYBENZALDEHYDE",13.1,-1.1172712957,c1(C=O)c(O)cc(O)cc1
O-XYLENE #1,16.4,-1.214843848,Cc1c(C)cccc1
O-XYLENE #2,16.4,-1.214843848,Cc1c(C)cccc1
O-CRESOL,14,-1.1461280357,Oc1c(C)cccc1
"1,2-DICHLOROBENZENE",9.47,-0.976349979,Clc1c(Cl)cccc1
2-CHLOROANILINE #2,5.68,-0.7543483357,Nc1c(Cl)cccc1
2-CHLOROANILINE #1,5.81,-0.7641761324,Nc1c(Cl)cccc1
2-FLUOROTOLUENE #1,19.3,-1.285557309,Cc1c(F)cccc1
2-FLUOROTOLUENE #2,19.6,-1.2922560714,Cc1c(F)cccc1
2-CHLOROPHENOL #1,13.8,-1.1398790864,Oc1c(Cl)cccc1
2-CHLOROPHENOL #2,9.41,-0.9735896234,Oc1c(Cl)cccc1
"1,2,4-TRIMETHYLBENZENE",7.72,-0.8876173003,Cc1c(C)cc(C)cc1
"3,4-DICHLOROTOLUENE",2.91,-0.463892989,Cc1cc(Cl)c(Cl)cc1
"3,4-DICHLOROANILINE #1",7,-0.84509804,Nc1cc(Cl)c(Cl)cc1
"3,4-DICHLOROANILINE #2",8.06,-0.9063350418,Nc1cc(Cl)c(Cl)cc1
"3,4-DICHLOROANILINE #3",7.7,-0.8864907252,Nc1cc(Cl)c(Cl)cc1
ALLYL METHACRYLATE,0.99,0.0043648054,C=C(C)C(=O)OCC=C
"2,3-DIBROMOPROPANOL",71,-1.8512583487,BrCC(Br)CO
2-METHYLBUTYRALDEHYDE,9.97,-0.9986951583,CC(C=O)CC
"1,2,3-TRICHLOROPROPANE #1",66.5,-1.8228216453,ClCC(Cl)CCl
3-PENTANONE,1540,-3.1875207208,CCC(=O)CC
2-BUTANONE OXIME,843,-2.9258275746,CCC(C)=NO
2-(DIISOPROPYLAMINO)ETHANOL,201,-2.3031960574,OCCN(C(C)C)C(C)C
"2,4-DINITROANILINE #1",15.5,-1.1903316982,Nc1c(N(=O)=O)cc(N(=O)=O)cc1
"2,4-DINITROANILINE #2",14.2,-1.1522883444,Nc1c(N(=O)=O)cc(N(=O)=O)cc1
"2,2'-METHYLENEBIS(4-CHLOROPHENOL)",0.31,0.5086383062,Oc1ccc(Cl)cc1Cc2cc(Cl)ccc2O
P-TERT-BUTYLPHENOL,5.15,-0.711807229,Oc1ccc(C(C)(C)C)cc1
ISOPROPYLBENZENE,6.32,-0.8007170783,c1ccccc1C(C)C
ACETOPHENONE,162,-2.2095150145,c1ccccc1C(=O)C
NITROBENZENE,119,-2.0755469614,c1ccccc1N(=O)=O
M-AMINOACETOPHENONE,382,-2.5820633629,c1c(C(=O)C)cc(N)cc1
M-NITROTOLUENE,25.6,-1.4082399653,Cc1cc(N(=O)=O)ccc1
"N,N-DIMETHYL-P-TOLUIDINE #1",52,-1.7160033436,CN(C)c1ccc(C)cc1
"N,N-DIMETHYL-P-TOLUIDINE #2",46,-1.6627578317,CN(C)c1ccc(C)cc1
P-NITROANILINE,125,-2.096910013,Nc1ccc(N(=O)=O)cc1
4-NITROPHENOL #1,58.6,-1.767897616,Oc1ccc(N(=O)=O)cc1
4-NITROPHENOL #3,37.3,-1.5717088318,Oc1ccc(N(=O)=O)cc1
4-NITROPHENOL #2,41,-1.6127838567,Oc1ccc(N(=O)=O)cc1
P-DIMETHYLAMINOBENZALDEHYDE,45.7,-1.6599162001,CN(C)c1ccc(C=O)cc1
"1,4-DINITROBENZENE",0.71,0.1487416513,O=N(=O)c1ccc(N(=O)=O)cc1
"N,N-DIETHYLETHANOLAMINE",1780,-3.2504200023,CCN(CCO)CC
ETHYLBENZENE #1,12.1,-1.0827853703,CCc1ccccc1
ETHYLBENZENE #2,9.09,-0.9585638832,CCc1ccccc1
BENZYLAMINE,102,-2.0086001718,NCc1ccccc1
BENZALDEHYDE #1,7.61,-0.8813846568,c(ccc1C=O)cc1
BENZALDEHYDE #2,12.8,-1.1072099696,c(ccc1C=O)cc1
N-METHYLANILINE,100,-2,c(ccc1NC)cc1
CYCLOHEXANONE OXIME,208,-2.318063335,ON=C1CCCCC1
2-CYANOPYRIDINE,726,-2.8609366207,n1c(C#N)cccc1
2-ETHYLPYRIDINE,414,-2.6170003411,n1c(CC)cccc1
SOLKETAL,16700,-4.2227164711,CC1(C)OCC(CO)O1
HEXAMETHYLENETETRAMINE (ALIPHATIC),49800,-4.6972293428,C(N(CN1C2)CN23)N(C1)C3
PHENYL ETHER,4,-0.6020599913,c1ccccc1Oc2ccccc2
N-ETHYL-M-TOLUIDINE,49.5,-1.6946051989,CCNc1cc(C)ccc1
TRIPROPYLAMINE,50.9,-1.7067177823,CCCN(CCC)CCC
TRIETHANOLAMINE,11800,-4.0718820073,OCCN(CCO)CCO
BENZYL-TERT-BUTANOL,66.4,-1.8221680794,c1ccccc1CCC(C)(C)O
1-(2-HYDROXYETHYL)PIPERAZINE,6410,-3.8068580295,OCCN1CCNCC1
"N,N-DIMETHYLBENZYLAMINE",37.8,-1.5774917998,CN(C)Cc1ccccc1
4-ACETAMIDOPHENOL,814,-2.9106244049,c1cc(O)ccc1NC(=O)C
4-BUTYLANILINE,10.2,-1.0086001718,Nc1ccc(CCCC)cc1
NONYLPHENOL (Mixed),0.14,0.8538719643,CCCCCCCCCc1ccc(O)cc1
2-ETHYL-1-HEXANOL,28.2,-1.4502491083,CCCCC(CC)CO
4-CHLOROBENZALDEHYDE,2.2,-0.3424226808,Clc(ccc1C=O)cc1
5-ETHYL-2-METHYLPYRIDINE,81.1,-1.9090208542,n1c(C)ccc(CC)c1
5-DIETHYLAMINO-2-PENTANONE,336,-2.5263392774,CC(=O)CCCN(CC)CC
DIETHYL MALONATE #1,15.4,-1.1875207208,CCOC(=O)CC(=O)OCC
DIETHYL MALONATE #2,17.4,-1.2405492483,CCOC(=O)CC(=O)OCC
DIETHYL MALONATE #3,11.8,-1.0718820073,CCOC(=O)CC(=O)OCC
"2,4-DIMETHYLPHENOL",16.6,-1.220108088,Oc1c(C)cc(C)cc1
DIBUTYL FUMARATE #3,0.47,0.3279021421,CCCCOC(=O)C=CC(=O)OCCCC
DIBUTYL FUMARATE #2,0.64,0.193820026,CCCCOC(=O)C=CC(=O)OCCCC
DIBUTYL FUMARATE #1,0.76,0.1191864077,CCCCOC(=O)C=CC(=O)OCCCC
DIBUTYL FUMARATE #4,0.684,0.1649438983,CCCCOC(=O)C=CC(=O)OCCCC
DIBUTYL ADIPATE,3.64,-0.5611013836,CCCCOC(=O)CCCCC(=O)OCCCC
P-BROMOANILINE,47.5,-1.6766936096,Nc1ccc(Br)cc1
P-XYLENE,8.87,-0.9479236198,Cc1ccc(C)cc1
4-METHYLPHENOL (P-CRESOL),16.5,-1.2174839442,Oc1ccc(C)cc1
4-CHLOROANILINE #1,30.6,-1.4857214265,Nc1ccc(Cl)cc1
4-CHLOROANILINE #2,32.3,-1.5092025223,Nc1ccc(Cl)cc1
4-CHLOROPHENOL,6.11,-0.7860412102,Oc1ccc(Cl)cc1
4-TOLUIDINE #1,149,-2.1731862684,Nc1ccc(C)cc1
4-TOLUIDINE #2,171,-2.2329961104,Nc1ccc(C)cc1
ISOBUTYL ACRYLATE #1,2.09,-0.3201462861,C=CC(=O)OCC(C)C
ISOBUTYL ACRYLATE #2,2.11,-0.3242824553,C=CC(=O)OCC(C)C
1-BROMOPROPANE,67.3,-1.8280150642,BrCCC
ACROLEIN #1,0.02,1.6989700043,C=CC=O
ACROLEIN #2,0.014,1.8538719643,C=CC=O
"1,2-DICHLOROETHANE",136,-2.1335389084,ClCCCl
2-CHLOROETHANOL #5,50.5,-1.7032913781,ClCCO
2-CHLOROETHANOL #2,73.1,-1.863917377,ClCCO
2-CHLOROETHANOL #4,83.7,-1.922725458,ClCCO
2-CHLOROETHANOL #1,37,-1.5682017241,ClCCO
2-CHLOROETHANOL #3,39.2,-1.593286067,ClCCO
PROPYLAMINE,308,-2.4885507165,CCCN
PROPIONITRILE,1520,-3.1818435879,CCC#N
CHLOROACETONITRILE,1.35,-0.1303337685,ClCC#N
ETHYLENEDIAMINE,220,-2.3424226808,NCCN
ALLYL ALCOHOL,0.32,0.4948500217,OCC=C
2-PROPYN-1-OL #1,1.53,-0.1846914308,C(O)C#C
2-PROPYN-1-OL #2,1.44,-0.1583624921,C(O)C#C
ACETALDOXIME,76,-1.8808135923,CC=NO
"2-METHYL-2,4-PENTANEDIOL",10700,-4.0293837777,CC(O)(C)CC(O)C
TERT-OCTYLAMINE,24.6,-1.3909351071,CC(C)(C)CC(C)(C)N
TERT-BUTYL SULFIDE,29.1,-1.463892989,CC(C)(C)SC(C)(C)C
2-PENTANONE,1240,-3.0934216852,CCCC(=O)C
4-METHYL-2-PENTANONE #2,540,-2.7323937598,CC(=O)CC(C)C
4-METHYL-2-PENTANONE #1,505,-2.7032913781,CC(=O)CC(C)C
ISOPROPYL ETHER,786,-2.895422546,CC(C)OC(C)C
TOLUENE #1,36.2,-1.5587085705,Cc1ccccc1
TOLUENE #2,31.7,-1.5010592622,Cc1ccccc1
4-PICOLINE,403,-2.6053050461,n1ccc(C)cc1
CHLOROBENZENE,16.9,-1.2278867046,Clc1ccccc1
CYCLOHEXANOL,704,-2.8475726591,C1CCCCC1O
CYCLOHEXANONE #2,732,-2.8645110811,C1C(=O)CCCC1
CYCLOHEXANONE #1,527,-2.7218106152,C1C(=O)CCCC1
PHENOL #1,28.8,-1.4593924878,Oc1ccccc1
PHENOL #2,32.4,-1.5105450102,Oc1ccccc1
PHENOL #3,49.7,-1.6963563887,Oc1ccccc1
PHENOL #4,24.8,-1.3944516808,Oc1ccccc1
3-PICOLINE,144,-2.1583624921,n1cc(C)ccc1
1-METHYLPIPERAZINE,2300,-3.361727836,CN1CCNCC1
2-PICOLINE,897,-2.952792443,n1c(C)cccc1
2-METHYLPIPERAZINE,2240,-3.3502480183,N1CC(C)NCC1
PROPYL ACETATE,60,-1.7781512504,CC(=O)OCCC
"1,3-DIBROMOPROPANE #1",2.44,-0.3873898263,BrCCCBr
"1,3-DIBROMOPROPANE #2",1.79,-0.252853031,BrCCCBr
1-BROMOBUTANE,36.7,-1.5646660643,BrCCCC
BUTYLAMINE,268,-2.428134794,CCCCN
ALLYL CYANIDE,182,-2.260071388,C=CCC#N
"1,3-DIAMINOPROPANE",1190,-3.0755469614,NCCCN
MALONONITRILE (NOMINALS),0.56,0.251811973,N#CCC#N
2-METHOXYETHYLAMINE,524,-2.719331287,COCCN
DIETHYLAMINE,855,-2.9319661147,CCNCC
PYRROLE,210,-2.3222192947,N1C=CC=C1
TETRAHYDROFURAN,2160,-3.3344537512,O(CC1)CC1
FURAN,61,-1.785329835,C1=COC=C1
T-BUTYL DISULFIDE,1.37,-0.1367205672,CC(C)(C)SSC(C)(C)C
5-METHYL-2-HEXANONE,159,-2.2013971243,CC(=O)CCC(C)C
DIETHYL SEBACATE #1,2.7,-0.4313637642,CCOC(=O)CCCCCCCCC(=O)OCC
DIETHYL SEBACATE #2,2.73,-0.436162647,CCOC(=O)CCCCCCCCC(=O)OCC
2-HEPTANONE,131,-2.1172712957,CCCCCC(=O)C
HEXANE,2.5,-0.3979400087,CCCCCC
"1,4-DICHLOROBUTANE",51.6,-1.7126497016,ClCCCCCl
AMYLAMINE,177,-2.2479732664,CCCCCN
VALERALDEHYDE #1,12.4,-1.0934216852,CCCCC=O
VALERALDEHYDE #2,13.4,-1.1271047984,CCCCC=O
"2-BUTYNE-1,4-DIOL",53.6,-1.7291647897,C(O)C#CC(O)
2-(ETHYLAMINO)ETHANOL,1480,-3.1702617154,CCNCCO
CYCLOHEXANE,4.53,-0.656098202,C1CCCCC1
PYRIDINE #1,106,-2.0253058653,n1ccccc1
PYRIDINE #2,93.8,-1.9722028384,n1ccccc1
S-TRIOXANE,5950,-3.7745169657,C1OCOCO1
6-METHYL-5-HEPTEN-2-ONE,85.7,-1.9329808219,CC(=O)CCC=C(C)C
2-OCTANONE,36,-1.5563025008,CC(=O)CCCCCC
2-ETHOXYETHYL ACETATE,42.1,-1.6242820958,CC(=O)OCCOCC
1-BROMOHEXANE,3.45,-0.5378190951,BrCCCCCC
HEXYLAMINE,56.6,-1.7528164312,CCCCCCN
1-HEXANOL,97.7,-1.9898945637,CCCCCCO
DIETHANOLAMINE,4710,-3.6730209071,OCCNCCO
2-HYDROXYETHYL ETHER,75200,-4.8762178406,OCCOCCO
N-PROPYL SULFIDE,21.7,-1.3364597338,CCCSCCC
N-HEPTYLAMINE,21.8,-1.3384564936,CCCCCCCN
"1,4-DICYANOBUTANE",1930,-3.285557309,N#CCCCCC#N
1-HEPTANOL,34.5,-1.5378190951,CCCCCCCO
1-BROMOOCTANE,0.838,0.0767559814,BrCCCCCCCC
OCTYLAMINE,5.19,-0.7151673578,CCCCCCCCN
1-OCTANOL #2,14.6,-1.1643528558,CCCCCCCCO
1-OCTANOL #4,14,-1.1461280357,CCCCCCCCO
1-OCTANOL #3,13.1,-1.1172712957,CCCCCCCCO
1-OCTANOL #1,13.5,-1.1303337685,CCCCCCCCO
1-OCTANOL #6,13,-1.1139433523,CCCCCCCCO
1-OCTANOL #5,13.1,-1.1172712957,CCCCCCCCO
2-(2-ETHOXYETHOXY)ETHANOL,26500,-4.4232458739,CCOCCOCCO
NONANOIC ACID,104,-2.0170333393,CCCCCCCCC(=O)O
2-UNDECANONE,1.5,-0.1760912591,CCCCCCCCCC(=O)C
NONYLAMINE,2.16,-0.3344537512,CCCCCCCCCN
TRIETHYLENE GLYCOL #1,59900,-4.7774268224,OCCOCCOCCO
TRIETHYLENE GLYCOL #2,70200,-4.8463371121,OCCOCCOCCO
TRIETHYLENE GLYCOL #3,77400,-4.8887409607,OCCOCCOCCO
1-DECANOL,2.4,-0.3802112417,CCCCCCCCCCO
PROPOXUR (BAYGON),8.8,-0.9444826722,CC(C)Oc1ccccc1OC(=O)NC
2-METHYL-3-BUTYN-2-OL,3290,-3.5171958979,CC(O)(C)C#C
"2,2,2-TRICHLOROETHANOL",299,-2.4756711883,C(Cl)(Cl)(Cl)CO
DICOFOL (KELTHANE),0.603,0.2196826879,c1cc(Cl)ccc1C(C(Cl)(Cl)Cl)(O)c2ccc(Cl)cc2
TRIPHENYL PHOSPHATE,0.87,0.0604807474,c1ccccc1OP(=O)(Oc2ccccc2)Oc3ccccc3
FENSULFOTHION,43.2,-1.6354837468,S(=O)(C)c(ccc1OP(=S)(OCC)OCC)cc1
ALDICARB,0.861,0.0649968485,CSC(C)(C)C=NOC(=O)NC
PHENYL SALICYLATE,1.18,-0.0718820073,c1cccc(O)c1C(=O)Oc2ccccc2
ETHYL SALICYLATE #1,19.8,-1.2966651903,c1cccc(O)c1C(=O)OCC
ETHYL SALICYLATE #2,20.7,-1.3159703455,c1cccc(O)c1C(=O)OCC
"2,4,6-TRIBROMOPHENOL",6.54,-0.8155777483,Oc1c(Br)cc(Br)cc1Br
4-AMINO-2-NITROPHENOL,36.2,-1.5587085705,Oc1c(N(=O)=O)cc(N)cc1
BENZOPHENONE #2,14.2,-1.1522883444,c1ccccc1C(=O)c2ccccc2
BENZOPHENONE #1,15.3,-1.1846914308,c1ccccc1C(=O)c2ccccc2
N-PHENYLDIETHANOLAMINE,735,-2.8662873391,c1ccccc1N(CCO)CCO
4-(DIETHYLAMINO)BENZALDEHYDE,23.9,-1.3783979009,c(cc(c1)N(CC)CC)c(c1)C=O
CATECHOL,9.22,-0.9647309211,Oc1c(O)cccc1
"1,2,4-TRICHLOROBENZENE",2.99,-0.4756711883,Clc1c(Cl)cc(Cl)cc1
"2,4-DICHLOROPHENOL",7.75,-0.8893017025,Oc1c(Cl)cc(Cl)cc1
"2,4-DINITROTOLUENE",24.3,-1.3856062736,Cc1c(N(=O)=O)cc(N(=O)=O)cc1
3-ETHOXY-4-HYDROXYBENZALDEHYDE,87.6,-1.9425041062,O=Cc1cc(OCC)c(O)cc1
VANILLIN #1,57,-1.7558748557,c1(C(=O))cc(OC)c(O)cc1
VANILLIN #2,123,-2.0899051114,c1(C(=O))cc(OC)c(O)cc1
"N,N-DIMETHYLANILINE #1",78.2,-1.8932067531,CN(C)c1ccccc1
"N,N-DIMETHYLANILINE #2",52.6,-1.7209857442,CN(C)c1ccccc1
1-CHLORO-3-NITROBENZENE,18.8,-1.2741578493,Clc1cc(N(=O)=O)ccc1
MALATHION,14.1,-1.1492191127,COP(OC)(=S)SC(CC(=O)OCC)C(=O)OCC
2-CHLORO-4-NITROANILINE #2,18.9,-1.2764618042,Nc1c(Cl)cc(N(=O)=O)cc1
2-CHLORO-4-NITROANILINE #1,21.5,-1.3324384599,Nc1c(Cl)cc(N(=O)=O)cc1
P-ISOPROPYL BENZALDEHYDE,6.62,-0.8208579894,c1(C=O)ccc(C(C)C)cc1
DIPHENYLAMINE,3.79,-0.57863921,c1ccccc1Nc2ccccc2
2-PHENOXYETHANOL,344,-2.5365584426,c1ccccc1OCCO
4-ETHYLPHENOL,10.4,-1.0170333393,Oc1ccc(CC)cc1
2-METHYLVALERALDEHYDE,18.8,-1.2741578493,CC(C=O)CCC
"2,4-PENTANEDIONE #2",175,-2.2430380487,CC(=O)CC(=O)C
"2,4-PENTANEDIONE #1",104,-2.0170333393,CC(=O)CC(=O)C
ETHYL HEXANOATE,8.9,-0.9493900066,CCCCCC(=O)OCC
BUTANAL #1,16,-1.2041199827,CCCC=O
BUTANAL #2,13.4,-1.1271047984,CCCC=O
BUTYL ACETATE,18,-1.2552725051,CC(=O)OCCCC
"1,4-DIOXANE #1",9850,-3.9934362305,O1CCOCC1
"1,4-DIOXANE #2",10800,-4.0334237555,O1CCOCC1
DODECYLAMINE,0.103,0.9871627753,CCCCCCCCCCCCN
TRIBUTYL PHOSPHATE #1,11,-1.0413926852,CCCCOP(=O)(OCCCC)OCCCC
TRIBUTYL PHOSPHATE #2,8.18,-0.9127533037,CCCCOP(=O)(OCCCC)OCCCC
"5,5-DIMETHYL-1,3-CYCLOHEXANEDIONE",11500,-4.0606978404,O=C(CC(=O)C1)CC1(C)C
1-CHLORO-2-PROPANOL,245,-2.3891660844,ClCC(O)C
TETRACHLOROETHYLENE #1,13.4,-1.1271047984,C(Cl)(Cl)=C(Cl)(Cl)
TETRACHLOROETHYLENE #2,20.3,-1.3074960379,C(Cl)(Cl)=C(Cl)(Cl)
2-PHENYL-3-BUTYN-2-OL,113,-2.0530784435,CC(c1ccccc1)(O)C#C
"2,6-DI-TERT-BUTYL-4-METHYLPHENOL",0.363,0.440093375,Oc1c(C(C)(C)C)cc(C)cc1C(C)(C)C
SACCHARIN SODIUM SALT HYDRATE,18300,-4.2624510897,O=C1NS(=O)(=O)c2ccccc21
DIBENZOFURAN #2,1.85,-0.2671717284,c1cccc2c3ccccc3Oc12
DIBENZOFURAN #1,1.78,-0.2504200023,c1cccc2c3ccccc3Oc12
DIBENZOFURAN #3,1.03,-0.0128372247,c1cccc2c3ccccc3Oc12
PHENYL 4-AMINOSALICYLATE #1,4.13,-0.6159500517,c1ccccc1OC(=O)c2c(O)cc(N)cc2
PHENYL 4-AMINOSALICYLATE #2,5.51,-0.7411515989,c1ccccc1OC(=O)c2c(O)cc(N)cc2
"N,N-DIETHYL-M-TOLUAMIDE",110,-2.0413926852,CCN(CC)C(=O)c1cccc(C)c1
"PROPIONIC ACID, SODIUM SALT",4790,-3.6803355134,CCC(=O)O
1-(2-AMINOETHYL)PIPERAZINE,2190,-3.3404441148,NCCN1CCNCC1
DIBUTYL SUCCINATE,4.46,-0.6493348587,CCCCOC(=O)CCC(=O)OCCCC
DIETHYL ADIPATE #1,16.8,-1.2253092817,CCOC(=O)CCCCC(=O)OCC
DIETHYL ADIPATE #2,19.3,-1.285557309,CCOC(=O)CCCCC(=O)OCC
2-AMINOETHANOL,2070,-3.3159703455,OCCN
ETHYL ACETATE,230,-2.361727836,CC(=O)OCC
"2,6-DIMETHYLMORPHOLINE",387,-2.587710965,N1CC(C)OC(C)C1
M-DIETHYLBENZENE,4.15,-0.6180480967,CCc1cc(CC)ccc1
"1,3-DICHLOROPROPANE #1",131,-2.1172712957,ClCCCCl
"1,3-DICHLOROPROPANE #2",94.2,-1.9740509028,ClCCCCl
HEXANOIC ACID,320,-2.5051499783,CCCCCC(=O)O
HEXYL ACETATE,4.4,-0.6434526765,CC(=O)OCCCCCC
BUTYL ETHER,32.3,-1.5092025223,CCCCOCCCC
1-NONANOL,5.7,-0.7558748557,CCCCCCCCCO
DI-N-HEXYLAMINE,0.78,0.1079053973,CCCCCCNCCCCCC
O-VANILLIN #1,2.6,-0.414973348,c1(C=O)c(O)c(OC)ccc1
O-VANILLIN #2,2.2,-0.3424226808,c1(C=O)c(O)c(OC)ccc1
3-METHOXYPHENOL,74,-1.8692317197,Oc1cc(OC)ccc1
4-METHOXYPHENOL,110,-2.0413926852,Oc1ccc(OC)cc1
P-DIMETHOXYBENZENE,117,-2.0681858617,COc1ccc(OC)cc1
"2,3-BENZOFURAN",14,-1.1461280357,C1=COc2ccccc12
"1,4-DIAZABICYCLO[2.2.2]OCTANE",1730,-3.2380461031,C(CN(C1)C2)N(C1)C2
ADAMANTANE,0.28,0.5528419687,C(CC(CC1CC23)C2)(C1)C3
DISULFOTON #1,3.98,-0.5998830721,CCOP(OCC)(=S)SCCSCC
DISULFOTON #2,1.9,-0.278753601,S=P(SCCSCC)(OCC)OCC
"SECOBARBITAL, SODIUM SALT",23.6,-1.372912003,N1C(=O)C(CC=C)(C(C)CCC)C(=O)NC1=O
BROMACIL,186,-2.2695129442,BrC1=C(C)NC(=O)N(C(C)CC)C1=O
"2,5-DINITROPHENOL",3.36,-0.5263392774,Oc1c(N(=O)=O)ccc(N(=O)=O)c1
DIURON,14.2,-1.1522883444,c1c(Cl)c(Cl)ccc1NC(=O)N(C)C
P-FLUOROPHENYL ETHER #1,1.2,-0.079181246,c1cc(F)ccc1Oc2ccc(F)cc2
P-FLUOROPHENYL ETHER #2,1.06,-0.0253058653,c1cc(F)ccc1Oc2ccc(F)cc2
DIAZINON,9.35,-0.9708116109,c1c(C)nc(C(C)C)nc1OP(OCC)(=S)OCC
1-FLUORO-4-NITROBENZENE,28.4,-1.45331834,Fc1ccc(N(=O)=O)cc1
"A,A,A-TRIFLUORO-M-TOLUNITRILE",47.7,-1.678518379,C(F)(F)(F)c1cc(C#N)ccc1
4-FLUOROANILINE,16.9,-1.2278867046,Nc1ccc(F)cc1
2-CHLORO-6-FLUOROBENZALDEHYDE,9.41,-0.9735896234,c1(C=O)c(Cl)cccc1F
"A,A,A-4-TETRAFLUORO-O-TOLUIDINE",29.6,-1.4712917111,Nc1c(C(F)(F)F)cc(F)cc1
O-FLUOROBENZALDEHYDE,1.35,-0.1303337685,c1(C=O)c(F)cccc1
"A,A,A-TRIFLUORO-O-TOLUNITRILE",42.2,-1.625312451,c1(C#N)ccccc1C(F)(F)F
"A,A,A-TRIFLUORO-M-TOLUALDEHYDE #1",0.92,0.0362121727,c1(C=O)cc(C(F)(F)(F))ccc1
"A,A,A-TRIFLUORO-M-TOLUALDEHYDE #2",0.76,0.1191864077,c1(C=O)cccc(C(F)(F)(F))c1
"A,A,A-TRIFLUORO-M-TOLUALDEHYDE #3",1.13,-0.0530784435,c1(C=O)cccc(C(F)(F)(F))c1
4-FLUORO-N-METHYLANILINE,38.4,-1.5843312244,CNc1ccc(F)cc1
[(1S)-ENDO]-(-)-BORNEOL #2,59,-1.7708520116,OC(CC1C2)C(C2)(C1(C)C)C
[(1S)-ENDO]-(-)-BORNEOL #1,67.8,-1.8312296939,OC(CC1C2)C(C2)(C1(C)C)C
(1S)-(-)-CAMPHOR,17,-1.2304489214,O=C(CC1C2)C(C2)(C1(C)C)C
CINEOLE,102,-2.0086001718,C1CC2C(C)(C)OC1(C)CC2
NEOABIETIC ACID #1,1.71,-0.2329961104,C1C(=C(C)(C))C=C2CCC3C(C)(C(=O)O)CCCC3(C)C2C1
NEOABIETIC ACID #2,1.3,-0.1139433523,C1C(=C(C)(C))C=C2CCC3C(C)(C(=O)O)CCCC3(C)C2C1
"2,3-DIHYDROBENZOFURAN",81.7,-1.9122220565,C1COc2ccccc21
EXO-NORBORNEOL,228,-2.357934847,C1(O)CC2CC1CC2
NORBORNYLENE,10,-1,C1C2C=CC1CC2
"2,6-PYRIDINEDICARBOXYLIC ACID",322,-2.5078558717,n1c(C(=O)O)cccc1C(=O)O
3-PYRIDINECARBOXALDEHYDE,16.4,-1.214843848,n1cc(C=O)ccc1
5-NONANONE,31,-1.4913616938,CCCCC(=O)CCCC
"2,3-DIMETHYL-1,3-BUTADIENE",6.91,-0.8394780474,C=C(C)C(C)=C
ABIETIC ACID,2.38,-0.3765769571,O=C(O)C(C(C(C(C(=C1)C=C(C2)C(C)C)C2)(CC3)C)C1)(C3)C
FLAVONE,3.5,-0.5440680444,c1ccccc1C1=CC(=O)c2ccccc2O1
"2,4,6-TRIMETHYLPHENOL",13,-1.1139433523,Oc1c(C)cc(C)cc1C
O-TOLUNITRILE,44.7,-1.6503075231,c1(C#N)ccccc1C
O-TOLUALDEHYDE,52.9,-1.723455672,c1(C=O)c(C)cccc1
"BENZOIC ACID, SODIUM SALT",484,-2.6848453616,c1ccccc1C(=O)O
"4,6-DINITRO-O-CRESOL #1",1.95,-0.2900346114,Oc1c(C)cc(N(=O)=O)cc1N(=O)=O
"4,6-DINITRO-O-CRESOL #2",1.54,-0.1875207208,Oc1c(C)cc(N(=O)=O)cc1N(=O)=O
AMYLBENZENE,1.71,-0.2329961104,c1ccccc1CCCCC
tert-BUTYL ACETATE,327,-2.5145477527,O=C(OC(C)(C)C)C
"1,3-DICHLOROBENZENE",8.03,-0.9047155453,Clc1cc(Cl)ccc1
"1,3-DICHLOROPROPENE",0.239,0.6216020991,ClCC=CCl
N-BUTYL SULFIDE,3.58,-0.5538830266,CCCCSCCCC
2'-HYDROXY-4'-METHOXYACETOPHENONE #1,54.9,-1.7395723445,c1(O)cc(OC)ccc1C(=O)C
2'-HYDROXY-4'-METHOXYACETOPHENONE #2,87.8,-1.9434945159,c1(O)cc(OC)ccc1C(=O)C
O-NITROBENZALDEHYDE #2,16.6,-1.220108088,c1(C=O)c(N(=O)(=O))cccc1
O-NITROBENZALDEHYDE #1,12.5,-1.096910013,c1(C=O)c(N(=O)(=O))cccc1
4-NITROBENZALDEHYDE,10.1,-1.0043213738,O=Cc1ccc(N(=O)=O)cc1
3-METHYL-2-BUTANONE,864,-2.9365137425,CC(=O)C(C)C
"2,6-DINITROPHENOL",39.7,-1.5987905068,Oc1c(N(=O)=O)cccc1N(=O)=O
"1,2-DIBROMOBENZENE",4.05,-0.6074550232,Brc1c(Br)cccc1
N-ALLYLANILINE,35.9,-1.5550944486,C=CCNc1ccccc1
4-ETHYLANILINE,73,-1.8633228601,Nc1ccc(CC)cc1
ISOVALERALDEHYDE,3.25,-0.511883361,CC(C)CC=O
2-HEXANONE,428,-2.631443769,CCCCC(=O)C
"2,4-HEXADIENE #1",20.6,-1.3138672204,CC=CC=CC
"2,4-HEXADIENE #2",19.4,-1.2878017299,CC=CC=CC
2-TRIDECANONE,0.36,0.4436974992,CCCCCCCCCCCC(=O)C
MANOOL,0.12,0.920818754,C=CC(O)(C)CCC1C(=C)CCC2C(C)(C)CCCC21(C)
TETRAETHYLTIN,0.011,1.9586073148,CC[Sn](CC)(CC)CC
"1,2-DIMETHYLPROPYLAMINE",284,-2.45331834,CC(C)C(C)N
"2,4-DIMETHYL-3-PENTANOL",163,-2.2121876044,CC(C)C(O)C(C)C
"N,N-DIPHENYLFORMAMIDE #1",26.3,-1.4199557485,c1ccccc1N(c2ccccc2)C(=O)
"N,N-DIPHENYLFORMAMIDE #2",35.1,-1.5453071165,c1ccccc1N(c2ccccc2)C(=O)
DIETHYL BENZYLMALONATE,5.43,-0.7347998296,CCOC(=O)C(Cc1ccccc1)C(=O)OCC
PENTABROMOPHENOL,0.093,1.0315170514,Oc1c(Br)c(Br)c(Br)c(Br)c1Br
"2,4,6-TRIIODOPHENOL",1.21,-0.0827853703,Oc1c(I)cc(I)cc1I
"2,4-DIMETHOXYBENZALDEHYDE",20.1,-1.3031960574,c1(C=O)c(OC)cc(OC)cc1
2-ACETAMIDOPHENOL #1,22.1,-1.3443922737,Oc1c(NC(=O)C)cccc1
2-ACETAMIDOPHENOL #2,33,-1.5185139399,Oc1c(NC(=O)C)cccc1
2-CHLORO-4-METHYLANILINE,35.9,-1.5550944486,Nc1c(Cl)cc(C)cc1
4-ETHOXY-2-NITROANILINE,26,-1.414973348,Nc1c(N(=O)=O)cc(OCC)cc1
METHYL P-NITROBENZOATE,23.8,-1.3765769571,c1cc(N(=O)=O)ccc1C(=O)OC
4-NITROBENZAMIDE,133,-2.123851641,c1cc(N(=O)=O)ccc1C(=O)N
4-NITROPHENYL PHENYL ETHER,2.65,-0.4232458739,c1ccccc1Oc2ccc(N(=O)=O)cc2
BENZYL SULFOXIDE,80.1,-1.9036325161,c(ccc1CS(=O)Cc(ccc2)cc2)cc1
3-ACETAMIDOPHENOL,1130,-3.0530784435,Oc1cc(NC(=O)C)ccc1
4-(2-HYDROXYETHYL)MORPHOLINE,2710,-3.4329692909,OCCN1CCOCC1
"A,A'-DICHLORO-P-XYLENE",0.039,1.408935393,ClCc1ccc(CCl)cc1
"2,5-DIMETHYLFURAN",71.1,-1.8518696007,O1C(C)=CC=C1C
"1,5-DICHLOROPENTANE",25.3,-1.4031205212,ClCCCCCCl
1-BROMOHEPTANE,1.47,-0.1673173347,BrCCCCCCC
PROPYL DISULFIDE,2.62,-0.4183012913,CCCSSCCC
"1,6-DICYANOHEXANE",528,-2.7226339225,N#CCCCCCCC#N
"2,3,4-TRICHLOROANILINE",3.64,-0.5611013836,Nc1c(Cl)c(Cl)c(Cl)cc1
5-CHLOROSALICYLALDEHYDE,0.77,0.1135092748,c1(C=O)c(O)ccc(Cl)c1
4-PROPYLPHENOL,11,-1.0413926852,Oc1ccc(CCC)cc1
PENTAFLUOROBENZALDEHYDE,1.1,-0.0413926852,c1(C(=O))c(F)c(F)c(F)c(F)c1(F)
"2,2-DICHLOROACETAMIDE",241,-2.3820170426,C(Cl)(Cl)C(=O)N
1-METHYL HEPTYLAMINE #1,5.11,-0.7084209001,CCCCCCC(C)N
1-METHYL HEPTYLAMINE #2,5.28,-0.7226339225,CCCCCCC(C)N
2-DECANONE #1,5.7,-0.7558748557,CC(=O)CCCCCCCC
2-DECANONE #2,4.1,-0.6127838567,CC(=O)CCCCCCCC
PENTYL ETHER,3.14,-0.4969296481,CCCCCOCCCCC
4-METHYLOXAZOLE,1390,-3.1430148003,CC1=COC=N1
2-METHYLIMIDAZOLE,286,-2.4563660331,CC1=NC=CN1
2-ADAMANTANONE,60.8,-1.7839035793,O=C(C(CC(C1)CC2C3)C2)C13
A-DECANOLACTONE,18,-1.2552725051,CCCCCCC1OC(=O)CC1
"4,6-DIMETHOXY-2-HYDROXYBENZALDEHYDE",2.68,-0.428134794,c1(C=O)c(O)cc(OC)cc1OC
PROPANIL,8.6,-0.9344984512,c1c(Cl)c(Cl)ccc1NC(=O)CC
"2,4,6-TRI-TERT-BUTYLPHENOL",0.0609,1.2153827074,Oc1c(C(C)(C)C)cc(C(C)(C)C)cc1C(C)(C)C
"3,4-DICHLORO-1-BUTENE #1",9.33,-0.9698816437,C=CC(Cl)C(Cl)
"3,4-DICHLORO-1-BUTENE #2",7.17,-0.8555191557,C=CC(Cl)C(Cl)
"N,N-DIBUTYLFORMAMIDE",89.3,-1.9508514589,C(=O)N(CCCC)CCCC
2-BUTYN-1-OL,10.1,-1.0043213738,C(O)C#CC
"2,5-DIMETHYL-2,4-HEXADIENE",3.78,-0.5774917998,CC(C)=CC=C(C)C
1-ADAMANTANAMINE,25,-1.3979400087,C(N)(CC(CC1CC23)C2)(C1)C3
"3-CYANO-4,6-DIMETHYL-2-HYDROXYPYRIDINE",157,-2.1958996524,n1c(O)c(C#N)c(C)cc1C
"2,3,4,5,6-PENTAFLUOROANILINE",37.1,-1.5693739096,Nc1c(F)c(F)c(F)c(F)c1F
CARBOPHENOTHION,0.24,0.6197887583,Clc(ccc1SCSP(=S)(OCC)OCC)cc1
TRIPHENYLPHOSPHINE OXIDE,53.7,-1.7299742857,c1ccccc1P(=O)(c2ccccc2)c3ccccc3
2-HYDROXYETHYL ACRYLATE,4.8,-0.6812412374,C=CC(=O)OCCO
1-OCTYN-3-OL,0.413,0.3840499483,C#CC(O)CCCCC
2-NONANONE,15.2,-1.1818435879,CCCCCCCC(=O)C
"TRANS-1,2-DICHLOROCYCLOHEXANE",18.4,-1.264817823,ClC1CCCCC1Cl
P-PHENOXYPHENOL,4.95,-0.6946051989,c1ccccc1Oc2ccc(O)cc2
2-HYDROXYETHYL METHACRYLATE,227,-2.3560258572,C=C(C)C(=O)OCCO
3-BROMOTHIOPHENE,6.19,-0.791690649,C1(Br)=CSC=C1
"2,4-DICHLOROBENZALDEHYDE",1.8,-0.2552725051,O=Cc1c(Cl)cc(Cl)cc1
PHENYL DISULFIDE,0.11,0.9586073148,c1ccccc1-SS-c2ccccc2
ETHYL 3-AMINOBENZOATE METHANESULFONIC ACID SALT (MS-222),79,-1.8976270913,c1ccc(N)cc1C(=O)OCC
"1,1,1,3,3,3-HEXAFLUORO-2-PROPANOL",244,-2.3873898263,C(F)(F)(F)C(O)C(F)(F)(F)
"1,5-HEXADIEN-3-OL",38.1,-1.5809249757,C=CC(O)CC=C
3-BUTYN-1-OL,36.1,-1.5575072019,C(O)CC#C
CIS-3-HEXEN-1-OL,381,-2.5809249757,CCC=CCCO
TRANS-3-HEXEN-1-OL,271,-2.4329692909,CCC=CCCO
2-ACETYL-1-METHYLPYRROLE,157,-2.1958996524,CN1C(C(=O)C)=CC=C1
4-PHENYLPYRIDINE,16.1,-1.206825876,n1ccc(c2ccccc2)cc1
PHENYL SULFOXIDE,87.3,-1.9410142437,c(ccc1)c(c1)S(=O)c(ccc2)cc2
2-HYDROXYPROPYL ACRYLATE #1,3.61,-0.5575072019,C=CC(=O)OCC(O)C
2-HYDROXYPROPYL ACRYLATE #2,3.1,-0.4913616938,C=CC(=O)OCC(O)C
2-AMINO-5-BROMOPYRIDINE,177,-2.2479732664,n1c(N)ccc(Br)c1
DIETHYL BENZYLPHOSPHONATE,336,-2.5263392774,CCOP(=O)(Cc1ccccc1)OCC
4-ACETYLPYRIDINE,168,-2.2253092817,n1ccc(C(=O)C)cc1
METHYL P-CHLOROBENZOATE,11,-1.0413926852,c1cc(Cl)ccc1C(=O)OC
BUTYL PHENYL ETHER,5.77,-0.7611758132,CCCCOc1ccccc1
METHYL 4-CYANOBENZOATE,46.8,-1.6702458531,c1cc(C#N)ccc1C(=O)OC
TETRACHLOROCATECHOL,1.27,-0.103803721,Oc1c(O)c(Cl)c(Cl)c(Cl)c1Cl
"A-BROMO-2',5'-DIMETHOXYACETOPHENONE #1",0.087,1.0604807474,c1c(C(=O)CBr)c(OC)ccc1OC
"A-BROMO-2',5'-DIMETHOXYACETOPHENONE #2",0.053,1.2757241304,c1c(C(=O)CBr)c(OC)ccc1OC
"A-BROMO-2',5'-DIMETHOXYACETOPHENONE #3",0.064,1.193820026,c1c(C(=O)CBr)c(OC)ccc1OC
TETRABUTYLTIN,0.0452,1.3448615652,CCCC[Sn](CCCC)(CCCC)CCCC
"3,4-DIMETHYL-1-PENTYN-3-OL",205,-2.3117538611,C#CC(C)(O)C(C)C
N-VINYLCARBAZOLE,0.0032,2.4948500217,c(ccc1c2cc3)cc1N(c2cc3)C=C
3-BENZYLOXYANILINE,9.14,-0.9609461957,c1c(N)cccc1OCc2ccccc2
CARBOFURAN,0.844,0.0736575534,CC1(C)Oc2c(OC(=O)NC)cccc2C1
TERT-BUTYL METHYL ETHER,672,-2.8273692731,CC(C)(C)OC
"1,9-DECADIENE",0.29,0.5376020021,C=CCCCCCCC=C
P-PHENYLAZOPHENOL,1.17,-0.0681858617,c1cc(O)ccc1N=Nc2ccccc2
"3,5-DIIODO-4-HYDROXYBENZONITRILE",6.8,-0.8325089127,c1c(I)c(O)c(I)cc1C#N
"3,5-DIBROMO-4-HYDROXYBENZONITRILE #1",11.5,-1.0606978404,c1c(Br)c(O)c(Br)cc1C#N
"3,5-DIBROMO-4-HYDROXYBENZONITRILE #2",13.8,-1.1398790864,c1c(Br)c(O)c(Br)cc1C#N
DEHYDROABIETIC ACID,2.1,-0.3222192947,OC(=O)C1(C)CCCC2(C)c3ccc(C(C)C)cc3CCC21
2-ALLYLPHENOL,15,-1.1760912591,C=CCc1ccccc1O
T-BUTYLSTYRENE,0.49,0.30980392,C=Cc1ccc(C(C)(C)C)cc1
5-BROMOSALICYLALDEHYDE,1.3,-0.1139433523,c1(C=O)c(O)ccc(Br)c1
3-CHLORO-2-CHLOROMETHYL-1-PROPENE,0.19,0.721246399,C=C(CCl)C(Cl)
"3,5-DICHLORO-4-HYDROXYBENZONITRILE",24.3,-1.3856062736,c1c(Cl)c(O)c(Cl)cc1C#N
DI-N-BUTYLTEREPHTHALATE,0.59,0.2291479884,CCCCOC(=O)c1ccc(C(=O)OCCCC)cc1
"4,4'-DIHYDROXYDIPHENYL ETHER #1",5.22,-0.717670503,c1cc(O)ccc1Oc2ccc(O)cc2
"4,4'-DIHYDROXYDIPHENYL ETHER #2",6.39,-0.8055008582,c1cc(O)ccc1Oc2ccc(O)cc2
"2,6-DICHLOROBENZAMIDE",469,-2.6711728427,c1(Cl)cccc(Cl)c1C(=O)N
N-DECYLAMINE,1.03,-0.0128372247,CCCCCCCCCCN
AMINOCARB,1.95,-0.2900346114,CNC(=O)Oc1cc(C)c(N(C)C)cc1
"2,4,5-TRIBROMOIMIDAZOLE (NOMINAL) #1",7.96,-0.9009130677,N1=C(Br)NC(Br)=C1Br
"2,4,5-TRIBROMOIMIDAZOLE #2",4.7,-0.6720978579,N1=C(Br)NC(Br)=C1Br
O-ETHYL O-(P-NITROPHENYL PHENYL)PHOSPHONOTHIOATE,0.0786,1.104577454,CCOP(=S)(Oc1ccc(cc1)N(=O)=O)c2ccccc2
(+-)-4-PENTYN-2-OL,35.1,-1.5453071165,OC(C)CC#C
4-CHLOROCATECHOL,1.58,-0.198657087,Oc1c(O)cc(Cl)cc1
"METHYL 2,4-DIHYDROXYBENZOATE",45.8,-1.660865478,c1(O)cc(O)ccc1C(=O)OC
PENTACHLOROPYRIDINE,0.47,0.3279021421,n1c(Cl)c(Cl)c(Cl)c(Cl)c1Cl
"(1R,2S,5R)-(-)-MENTHOL",18.9,-1.2764618042,C1C(C)CC(O)C(C(C)(C))C1
1-(p-TOLUENESULFONYL)IMIDAZOLE,41.8,-1.6211762818,C1=CN=CN1S(=O)(=O)c2ccc(C)cc2
"2',4'-DICHLOROACETOPHENONE",11.7,-1.0681858617,c1c(C(=O)C)c(Cl)cc(Cl)c1
N-OCTYL CYANIDE #1,4.91,-0.6910814921,CCCCCCCCC#N
N-OCTYL CYANIDE #2,5.61,-0.7489628613,CCCCCCCCC#N
"A,A,A-4-TETRAFLUORO-M-TOLUIDINE",30.1,-1.4785664956,Nc1cc(C(F)(F)F)c(F)cc1
TRANS-2-PHENYL-1-CYCLOHEXANOL,44.4,-1.6473829701,C1(c2ccccc2)CCCCC1O
2-ETHOXYETHYL METHACRYLATE,27.7,-1.4424797691,C=C(C)C(=O)OCCOCC
"2,3,6-TRIMETHYLPHENOL",8.2,-0.9138138524,Oc1c(C)c(C)ccc1C
N-UNDECYL CYANIDE,0.43,0.3665315444,CCCCCCCCCCCC#N
0-METHOXYBENZAMIDE,120,-2.079181246,c1(OC)ccccc1C(=O)N
"2,4-DICHLOROBENZAMIDE",95.6,-1.9804578923,c1(Cl)cc(Cl)ccc1C(=O)N
TETRAHYDROFURFURYL METHACRYLATE,34.7,-1.5403294748,C=C(C)C(=O)OCC1OCCC1
"4,5-DICHLOROGUAIACOL",4.47,-0.6503075231,Oc1c(OC)cc(Cl)c(Cl)c1
BENZYL METHACRYLATE,4.67,-0.6693168806,C=C(C)C(=O)OCc1ccccc1
HEXYL ACRYLATE #1,1.09,-0.0374264979,C=CC(=O)OCCCCCC
HEXYL ACRYLATE #2,1.14,-0.0569048513,C=CC(=O)OCCCCCC
P-(TERT-BUTYL)-PHENYL-N-METHYLCARBAMATE,10,-1,CC(C)(C)c1ccc(OC(=O)NC)cc1
1-BENZYLPIPERAZINE,47.4,-1.6757783417,c1ccccc1CN2CCNCC2
3-(3-PYRIDYL)-1-PROPANOL,150,-2.1760912591,n(ccc1)cc1CCCO
TRIDECYLAMINE,0.0654,1.1844222517,CCCCCCCCCCCCCN
2-AMINO-4'-CHLOROBENZOPHENONE,2.12,-0.3263358609,c1cccc(N)c1C(=O)c2ccc(Cl)cc2
"METHYL 2,5-DICHLOROBENZOATE",14,-1.1461280357,c1(Cl)ccc(Cl)cc1C(=O)OC
CHLORPYRIFOS #2 (DURSBAN),0.506,0.2958494832,CCOP(OCC)(=S)Oc1nc(Cl)c(Cl)cc1Cl
CHLORPYRIFOS #1 (DURSBAN),0.2,0.6989700043,CCOP(OCC)(=S)Oc1nc(Cl)c(Cl)cc1Cl
5-BROMOVANILLIN,59.7,-1.7759743311,c1(OC)cc(C=O)cc(Br)c1O
CYCLOHEXYL ACRYLATE,1.48,-0.1702617154,C=CC(=O)OC1CCCCC1
TRIETHYL NITRILOTRICARBOXYLATE,13.3,-1.123851641,CCOC(=O)N(C(=O)OCC)C(=O)OCC
"4,5-DICHLOROCATECHOL",0.89,0.0506099934,Oc1c(O)cc(Cl)c(Cl)c1
"2,3,5,6-TETRACHLOROANILINE",0.27,0.5686362358,Nc1c(Cl)c(Cl)cc(Cl)c1Cl
"2,6-DIPHENYLPYRIDINE",0.21,0.6777807053,n1c(c2ccccc2)cccc1c3ccccc3
"1,3-DICHLORO-4,6-DINITROBENZENE #1",0.052,1.2839966564,Clc1cc(Cl)c(N(=O)=O)cc1N(=O)=O
"1,3-DICHLORO-4,6-DINITROBENZENE #2",0.04,1.3979400087,Clc1cc(Cl)c(N(=O)=O)cc1N(=O)=O
"2,3-DIMETHYLVALERALDEHYDE",16,-1.2041199827,CCC(C)C(C)C=O
2-DECYN-1-OL,1.07,-0.0293837777,C(O)C#CCCCCCCC
5-CHLORO-2-PYRIDINOL,1140,-3.0569048513,n1c(O)ccc(Cl)c1
ISOPROPYL DISULFIDE,8.31,-0.9196010238,CC(C)SSC(C)C
"2,4,5-TRIMETHOXYBENZALDEHYDE",49.5,-1.6946051989,c1(C=O)c(OC)cc(OC)c(OC)c1
ISOPROPYL METHACRYLATE,38,-1.5797835966,C=C(C)C(=O)OC(C)C
1-HEXEN-3-OL,30.4,-1.4828735836,C=CC(O)CCC
"2,3,4,5-TETRACHLOROPHENOL",0.41,0.3872161433,Oc1c(Cl)c(Cl)c(Cl)c(Cl)c1
"1,2-BIS(4-PYRIDYL)ETHANE",151,-2.1789769473,c1cnccc1CCc2ccncc2
"1,3-DIETHYL-2-THIOBARBITURIC ACID",4510,-3.6541765419,C1C(=O)N(CC)C(=S)N(CC)C1=O
DIMETHYL NITROTEREPHTHALATE,6.52,-0.8142475957,COC(=O)c1ccc(C(=O)OC)cc1N(=O)=O
5-CHLORO-2-MERCAPTOBENZOTHIAZOLE,3.21,-0.5065050324,c1cc(Cl)cc2N=C(S)S-c12
DIMETHYL AMINOTEREPHTHALATE,8.94,-0.9513375188,COC(=O)c1ccc(C(=O)OC)cc1(N)
"3,6-DITHIAOCTANE",60.2,-1.7795964913,CCSCCSCC
3-DIMETHYLAMINOPROPYL CHLORIDE.HCL,133,-2.123851641,CN(C)CCCCl
4'-CHLORO-3'-NITROACETOPHENONE,5.5,-0.7403626895,c1c(C(=O)C)cc(N(=O)(=O))c(Cl)c1
2-AMINO-4-CHLORO-6-METHYLPYRIMIDINE #1,147,-2.1673173347,Cc1cc(Cl)nc(N)n1
2-AMINO-4-CHLORO-6-METHYLPYRIMIDINE #2,136,-2.1335389084,NC1NC(Cl)CC(C)N1
"2,6-DIMETHOXYTOLUENE",20.2,-1.3053513694,Cc1c(OC)cccc1OC
2-DIMETHYLAMINOPYRIDINE,127,-2.103803721,n1c(N(C)C)cccc1
"2,2-DIMETHYL-1-PROPYLAMINE",475,-2.6766936096,CC(C)(C)CN
ISOPIMARIC ACID,0.87,0.0604807474,C1(C)(C=C)CCC2C3(C)CCCC(C(=O)O)(C)C3CC=C2C1
2-AMINO-5-CHLOROBENZONITRILE,28.6,-1.4563660331,c1(N)ccc(Cl)cc1C#N
"1,1,1-TRICHLORO-2-METHYL-2-PROPANOL(HYDRATE)",135,-2.1303337685,C(Cl)(Cl)(Cl)C(C)(O)C
2-DODECANONE,1.18,-0.0718820073,CCCCCCCCCCC(=O)C
4-DIMETHYLAMINOCINNAMALDEHYDE,5.9,-0.7708520116,c1c(C=CC=O)ccc(N(C)C)c1
"1,3,5-TRICHLORO-2,4-DINITROBENZENE",0.222,0.6536470255,Clc1c(N(=O)=O)c(Cl)c(N(=O)=O)c(Cl)c1
2-CHLORO-5-NITROBENZALDEHYDE #1,3.8,-0.5797835966,Clc(ccc1N(=O)=O)c(c1)C=O
2-CHLORO-5-NITROBENZALDEHYDE #2,3.95,-0.5965970956,Clc(ccc1N(=O)=O)c(c1)C=O
2-CHLORO-6-METHYLBENZONITRILE,15.1,-1.1789769473,N#Cc1c(Cl)cccc1C
2-BROMO-3-PYRIDINOL,469,-2.6711728427,n1c(Br)c(O)ccc1
2-CHLORO-3-PYRIDINOL,622,-2.7937903847,n1c(Cl)c(O)ccc1
TRIPROPARGYLAMINE,296,-2.4712917111,C#CCN(CC#C)CC#C
"N,N-BIS(2,2-DIETHOXYETHYL)METHYLAMINE #1",637,-2.8041394323,CCOC(OCC)CN(C)CC(OCC)OCC
"N,N-BIS(2,2-DIETHOXYETHYL)METHYLAMINE #2",634,-2.8020892579,CCOC(OCC)CN(C)CC(OCC)OCC
"1,4-BIS(3-AMINOPROPYL)PIPERAZINE",3100,-3.4913616938,NCCCN1CCN(CCCN)CC1
"3-HYDROXY-3,7,11-TRIMETHYL-1,6,10-DODECATRIENE",1.43,-0.1553360375,OC(C=C)(C)CCC=C(C)CCC=C(C)C
1-(2-CHLOROETHYL)PYRROLIDINE.HCL,153,-2.1846914308,ClCCN1CCCC1
N-UNDECYLAMINE,0.21,0.6777807053,CCCCCCCCCCCN
1-HEPTYN-3-OL,1.76,-0.2455126678,C#CC(O)CCCC
DEMETON,16,-1.2041199827,CCOP(=O)(OCC)SCCSCC
P-ETHOXYBENZALDEHYDE,28.1,-1.4487063199,c1(C=O)ccc(OCC)cc1
[1(R)-ENDO]-(+)-3-BROMOCAMPHOR,68.5,-1.8356905715,O=C(C(C(C1C2)(C)C)(C2)C)C1Br
RESMETHRIN,0.00616,2.2104192878,CC(C)=CC1C(C)(C)C1C(=O)OCC2=COC(Cc3ccccc3)=C2
TERBUFOS (COUNTER),0.0133,1.876148359,CCOP(=S)(OCC)SCSC(C)(C)C
"A,A,A',A'-TETRABROMO-O-XYLENE",0.437,0.359518563,BrC(Br)c1c(C(Br)Br)cccc1
"2',3',4'-TRICHLOROACETOPHENONE",2,-0.3010299957,c1c(C(=O)C)c(Cl)c(Cl)c(Cl)c1
"2',3',4'-TRIMETHOXYACETOPHENONE #2",229,-2.3598354823,c1(OC)c(OC)c(OC)ccc1C(=O)C
"2',3',4'-TRIMETHOXYACETOPHENONE #1",172,-2.2355284469,c1(OC)c(OC)c(OC)ccc1C(=O)C
DIETHYL CHLOROMALONATE,0.95,0.0222763947,CCOC(=O)C(Cl)C(=O)OCC
N-ETHYLBENZYLAMINE,57.1,-1.7566361082,CCNCc1ccccc1
4-BROMOPHENYL 3-PYRIDYL KETONE,20.4,-1.3096301674,c1cc(Br)ccc1C(=O)c2cccnc2
4-BENZOYLPYRIDINE,103,-2.0128372247,c1ccccc1C(=O)c2ccncc2
"2,2,5,5-TETRAMETHYLTETRAHYDROFURAN",168,-2.2253092817,CC1(C)CCC(C)(C)O1
3-HYDROXY-2-NITROPYRIDINE,167,-2.2227164711,n1c(N(=O)=O)c(O)ccc1
ALACHLOR,5,-0.6989700043,c1(CC)cccc(CC)c1N(COC)C(=O)CCl
4-OCTYLANILINE,0.12,0.920818754,Nc1ccc(CCCCCCCC)cc1
METHOMYL (LANNATE),2.11,-0.3242824553,CSC(C)=NOC(=O)NC
6-CHLORO-2-PYRIDINOL,214,-2.3304137733,n1c(O)cccc1Cl
"3-AMINO-5,6-DIMETHYL-1,2,4-TRIAZINE",952,-2.9786369484,Nc1nnc(C)c(C)n1
4-(DIETHYLAMINO)SALICYLALDEHYDE,5.36,-0.7291647897,O=Cc1ccc(N(CC)CC)cc1O
6-CHLORO-2-PICOLINE,232,-2.3654879849,n1c(C)cccc1Cl
"3,6-DIMETHYL-1-HEPTYN-3-OL",49,-1.69019608,C#CC(C)(O)CCC(C)C
"2,4,5-TRIMETHYLOXAZOLE",449,-2.652246341,CC1=C(C)OC(C)=N1
4-DIMETHYLAMINO-3-METHYL-2-BUTANONE,8.5,-0.9294189257,CC(=O)C(C)CN(C)C
M-BROMOBENZAMIDE,92.7,-1.9670797341,c1ccc(Br)cc1C(=O)N
OXAMYL #1,8.3,-0.9190780924,CN(C)C(=O)C(SC)=NOC(=O)NC
OXAMYL #2,5.44,-0.7355988997,CN(C)C(=O)C(SC)=NOC(=O)NC
"2,6-DIISOPROPYLANILINE #1",14.2,-1.1522883444,Nc1c(C(C)C)cccc1C(C)C
"2,6-DIISOPROPYLANILINE #2",16.5,-1.2174839442,Nc1c(C(C)C)cccc1C(C)C
"2-METHYL-3,3,4,4-TETRAFLUORO-2-BUTANOL",582,-2.7649229846,CC(C)(O)C(F)(F)C(F)F
CHLOROMETHYL STYRENE,0.31,0.5086383062,C=Cc1ccc(CCl)cc1
(+-)-SEC-BUTYLAMINE,275,-2.4393326938,CCC(N)C
"N-(3-METHOXYPROPYL)-3,4,5-TRIMETHOXYBENZYLAMINE",136,-2.1335389084,COCCCNCc1cc(OC)c(OC)c(OC)c1
2-(BROMOMETHYL)TETRAHYDRO-2H-PYRAN,205,-2.3117538611,BrCC1OCCCC1
4-DECYLANILINE,0.062,1.2076083105,Nc1ccc(CCCCCCCCCC)cc1
4-HEXYLOXYANILINE #1  (NOMINAL CONC.),2.8,-0.4471580313,Nc1ccc(OCCCCCC)cc1
4-HEXYLOXYANILINE #2,3.23,-0.5092025223,Nc1ccc(OCCCCCC)cc1
METHYL 4-CHLORO-2-NITROBENZOATE,27.7,-1.4424797691,c1(N(=O)=O)cc(Cl)ccc1C(=O)OC
5-HYDROXY-2-NITROBENZALDEHYDE,41.9,-1.622214023,c1(C=O)c(N(=O)=O)ccc(O)c1
FENVALERATE #1 (PYDRIN),0.0051,2.2924298239,c1cc(Cl)ccc1C(C(C)C)C(=O)OC(C#N)c2cccc(Oc3ccccc3)c2
FENVALERATE #2 (PYDRIN),0.00042,3.3767507096,c1cc(Cl)ccc1C(C(C)C)C(=O)OC(C#N)c2cccc(Oc3ccccc3)c2
PERMETHRIN,0.016,1.7958800173,c1ccc(Oc2ccccc2)cc1COC(=O)C3C(C)(C)C3C=C(Cl)Cl
"3,8-DITHIADECANE",6.06,-0.7824726242,CCSCCCCSCC
2'-(OCTYLOXY)-ACETANILIDE,0.45,0.3467874862,CCCCCCCCOc1ccccc1NC(=O)C
P-(TERT-BUTYL)BENZAMIDE,31.9,-1.5037906831,c1cc(C(C)(C)(C))ccc1C(=O)N
"2,9-DITHIADECANE",10.1,-1.0043213738,CSCCCCCCSC
DL-3-BUTYN-2-OL,11.7,-1.0681858617,CC(O)C#C
3-(4-TERT-BUTYLPHENOXY)BENZALDEHYDE,0.37,0.4317982759,c1cc(C(C)(C)C)ccc1Oc2cccc(C=O)c2
FLUCYTHRINATE,0.00019,3.721246399,CC(C)C(C(=O)OC(C#N)c2cccc(Oc1ccccc1)c2)c3ccc(OC(F)F)cc3
"3-(3,4-DICHLOROPHENOXY)BENZALDEHYDE",0.3,0.5228787453,c1c(C=O)cccc1Oc2cc(Cl)c(Cl)cc2
"2,4-DINITRO-1-NAPHTHOL SODIUM SALT (MARTIUS YELLOW)",4.24,-0.6273658566,Oc1c(N(=O)=O)cc(N(=O)=O)c2ccccc12
