NAME,"LC50","SMILES,C,100"
4-(HEXYLOXY)-M-ANISALDEHYDE,2.67,c1cc(C=O)cc(OC)c1OCCCCCC
5-BROMO-2-NITROVANILLIN,73.3,c1(OC)c(N(=O)=O)c(C=O)cc(Br)c1O
DI-N-OCTYLISOPHTHALATE,-99,CCCCCCCCOC(=O)c1cccc(C(=O)OCCCCCCCC)c1
P-CHLOROPHENYL-O-NITROPHENYL ETHER,1.92,c1cc(Cl)ccc1Oc2c(N(=O)=O)cccc2
3'-CHLORO-O-FORMOTOLUIDIDE,46.6,Cc1c(NC=O)cccc1Cl
DI-n-BUTYLISOPHTHALATE,0.9,CCCCOC(=O)c1cccc(C(=O)OCCCC)c1
"1,1-DIPHENYL-2-PROPYN-1-OL",11.1,C(c1ccccc1)(c2ccccc2)(O)C#C
"4,7-DITHIADECANE",7.52,CCCSCCSCCC
DI-N-OCTYLTEREPHTHALATE,-99,CCCCCCCCOC(=O)c1ccc(C(=O)OCCCCCCCC)cc1
"a,w-BUTYLENE DI-[O-(4-HYDROXYBUTOXYCARBONYL)-BENZOATE]",-99,OCCCCOC(=O)c1ccccc1C(=O)OCCCCOC(=O)c2ccccc2C(=O)OCCCCO
"4,9-DITHIADODECANE",2.99,CCCSCCCCSCCC
TRIS(5-METHYL-2-NITROPHENYL) PHOSPHATE,-99,c1(N(=O)=O)ccc(C)cc1OP(=O)(Oc2c(N(=O)=O)ccc(C)c2)Oc3c(N(=O)=O)ccc(C)c3
TRIS(M-NITROPHENYL)PHOSPHINE OXIDE,-99,c1c(N(=O)=O)cccc1P(=O)(c2cc(N(=O)=O)ccc2)c3cc(N(=O)=O)ccc3
2-CHLOROETHYL-N-CYCLOHEXYL CARBAMATE,35,ClCCOC(=O)NC1CCCCC1
PHENOBARBITAL,484,N1C(=O)C(c2ccccc2)(CC)C(=O)NC1=O
"2,4-DINITROPHENOL #5",10.5,Oc1c(N(=O)=O)cc(N(=O)=O)cc1
"2,4-DINITROPHENOL #6",11,Oc1c(N(=O)=O)cc(N(=O)=O)cc1
"2,4-DINITROPHENOL #7",11,Oc1c(N(=O)=O)cc(N(=O)=O)cc1
"2,4-DINITROPHENOL #2",10.6,Oc1c(N(=O)=O)cc(N(=O)=O)cc1
"2,4-DINITROPHENOL #4",10.6,Oc1c(N(=O)=O)cc(N(=O)=O)cc1
"2,4-DINITROPHENOL #1",19.4,Oc1c(N(=O)=O)cc(N(=O)=O)cc1
"2,4-DINITROPHENOL #3",6.58,Oc1c(N(=O)=O)cc(N(=O)=O)cc1
"2,4-DINITROPHENOL #9",13.3,Oc1c(N(=O)=O)cc(N(=O)=O)cc1
"2,4-DINITROPHENOL #8",8.15,Oc1c(N(=O)=O)cc(N(=O)=O)cc1
"2,4-DINITROPHENOL #10",11.9,Oc1c(N(=O)=O)cc(N(=O)=O)cc1
URETHANE,5240,O=C(N)OCC
SALICYLIC ACID NA+ #2,2160,c1(O)ccccc1C(=O)O
SALICYLIC ACID NA+ #1,1370,c1(O)ccccc1C(=O)O
BENZAMIDE,661,c1ccccc1C(=O)N
"1,1-DIMETHYLHYDRAZINE",7.85,NN(C)C
PENTOBARBITAL,49.5,N1C(=O)C(CC)(C(C)CCC)C(=O)NC1=O
AMOBARBITAL,85.4,N1C(=O)C(CC)(CCC(C)C)C(=O)NC1=O
CAFFEINE,151,CN1C(=O)N(C)C(=O)C2=C1N=CN2C
"2-METHYL-1,4-NAPHTHOQUINONE",0.11,c1cccc2C(=O)C(C)=CC(=O)c12
"2,3,4,6-TETRACHLOROPHENOL",1.03,Oc1c(Cl)c(Cl)c(Cl)cc1Cl
4-CHLORO-3-METHYL PHENOL #1,7.38,Oc1cc(C)c(Cl)cc1
4-CHLORO-3-METHYL PHENOL #2,4.05,Oc1cc(C)c(Cl)cc1
TOLAZOLINE HYDROCHLORIDE,354,c1ccccc1CC2=NCCN2
AMPHETAMINE SULFATE,28.8,c1ccccc1CC(N)C
DIETHYL ETHER,2560,O(CC)CC
STRYCHNINE HEMISULPHATE SALT,1.11,O=C5CC3OCC=C2CN1CCC46C1CC2C3C4N5c7ccccc67
ANILINE #1,134,Nc1ccccc1
ANILINE #3,114,Nc1ccccc1
ANILINE #2,75.5,Nc1ccccc1
CARBARYL (SEVIN) #2,8.93,CNC(=O)Oc1cccc2ccccc12
CARBARYL (SEVIN) #3,10.4,CNC(=O)Oc1cccc2ccccc12
CARBARYL (SEVIN) #4,9.47,CNC(=O)Oc1cccc2ccccc12
CARBARYL (SEVIN) #1,6.67,CNC(=O)Oc1cccc2ccccc12
ETHANOL,14200,CCO
ETHANOL-RHODAMINE B,15300,CCO
NICOTINE SULFATE #1,12.2,c1ncccc1C2CCCN2C
NICOTINE SULFATE #2,15.6,c1ncccc1C2CCCN2C
2-HYDROXYBENZAMIDE,101,c1(O)ccccc1C(=O)N
URACIL,-99,N1C(=O)NC=CC1=O
HEXANAL #2,14,CCCCCC=O
HEXANAL #1,22,CCCCCC=O
DICUMAROL,5.11,O=C1Oc2ccccc2C(O)=C1CC3=C(O)c4ccccc4OC3=O
P-PHENOXYBENZALDEHYDE,4.6,c1(C=O)ccc(Oc2ccccc2)cc1
METHANOL-RHODAMINE B,29400,CO
2-PROPANOL #1,9640,CC(O)C
2-PROPANOL #2,10400,CC(O)C
2-PROPANOL #3,6550,CC(O)C
ACETONE #1,8120,CC(=O)C
ACETONE #2,7280,CC(=O)C
ACETONE #3,6210,CC(=O)C
CHLOROFORM,70.7,C(Cl)(Cl)(Cl)
METHYL SULFOXIDE,34000,CS(=O)C
HEXACHLOROETHANE #1,1.53,ClC(Cl)(Cl)C(Cl)(Cl)Cl
HEXACHLOROETHANE #2,1.32,ClC(Cl)(Cl)C(Cl)(Cl)Cl
"2,2'-METHYLENE BIS(3,4,6-TRICHLOROPHENOL)",0.021,Oc1c(Cl)cc(Cl)c(Cl)c1Cc2c(Cl)c(Cl)cc(Cl)c2O
4'-AMINOPROPIOPHENONE,146,c(cc(c1)C(=O)CC)c(c1)N
1-PROPANOL#1,4630,OCCC
1-PROPANOL#2,4480,OCCC
1-BUTANOL,1730,CCCCO
1-PENTANOL,472,CCCCCO
BENZENE #2,24.6,c1ccccc1
BENZENE #1,12.6,c1ccccc1
"1,1,1-TRICHLOROETHANE #1",52.9,ClC(Cl)(Cl)C
"1,1,1-TRICHLOROETHANE #2",42.3,ClC(Cl)(Cl)C
"THIOPENTAL,SODIUM SALT",26.2,N1C(=O)C(CC)(C(C)CCC)C(=O)NC1=S
ACETONITRILE,1644,CC#N
ETHANAL #1,30.8,CC=O
ETHANAL #2,37.2,CC=O
DICHLOROMETHANE,330,C(Cl)(Cl)
IODOFORM,2.92,IC(I)I
2-METHYL-2-PROPANOL,6410,CC(C)(O)C
"2,2,2-TRIFLUOROETHANOL",119,C(F)(F)(F)CO
"3,3-DIMETHYL-2-BUTANONE",87,CC(=O)C(C)(C)C
PENTACHLOROETHANE,7.53,C(Cl)(Cl)(Cl)C(Cl)(Cl)
"5,5-DIMETHYLHYDANTOIN",16460,CC1(C)NC(=O)NC1=O
3-METHYL-3-PENTANOL,672,CCC(O)(C)CC
3-METHYL-1-PENTYN-3-OL,1220,C#CC(O)(C)CC
1-ETHYNYL-CYCLOHEXANOL,256,C1CCCC(C#C)(O)C1
TRIS(2-BUTOXYETHYL) PHOSPHATE,11.2,CCCCOCCOP(=O)(OCCOCCCC)OCCOCCCC
2-METHYL-1-PROPANOL,1430,OCC(C)C
"1,2-DICHLOROPROPANE",127,ClCC(Cl)C
"1,2-DIAMINOPROPANE",1010,NCC(N)C
2-BUTANOL,3670,CC(O)CC
2-BUTANONE,3220,CCC(=O)C
1-AMINO-2-PROPANOL,2520,OC(C)CN
"1,1,2-TRICHLOROETHANE",81.6,ClC(Cl)CCl
TRICHLOROETHYLENE,44.1,ClC(Cl)=C(Cl)
METHYL ACETATE #1,320,CC(=O)OC
METHYL ACETATE #2,399,CC(=O)OC
"1,1,2,2-TETRACHLOROETHANE",20.3,ClC(Cl)C(Cl)Cl
B-IONONE,5.09,C1(C)(C)CCCC(C)=C1C=CC(C)=O
"4,4'-ISOPROPYLIDENEBIS(2,6-DICHLOROPHENOL)",1.33,Clc(c(O)c(Cl)c1)cc1C(c(cc(Cl)c2O)cc2Cl)(C)C
P-TERT-PENTYLPHENOL,2.59,CCC(C)(C)c1ccc(O)cc1
"1,8-DIAMINO-P-MENTHANE",65.3,C(CC(C1)C(N)(C)C)C(C1)(N)C
"A,A-2,6-TETRACHLOROTOLUENE",0.97,ClC(Cl)c1c(Cl)cccc1Cl
ACENAPHTHENE,1.73,c1ccc2cccc3c2c1CC3
3-METHYLINDOLE,8.84,c(ccc1C=2C)cc1NC2
ROTENONE #1,0.0045,C=C(C)C1Oc2ccc3C(=O)C4c5cc(OC)c(OC)cc5OCC4Oc3c2C1
ROTENONE #2,0.006,C=C(C)C1Oc2ccc3C(=O)C4c5cc(OC)c(OC)cc5OCC4Oc3c2C1
(-)-RIBOFLAVIN,-99,O=C1NC(=O)C2=Nc3cc(C)c(C)cc3N(CC(O)C(O)C(O)CO)C2=N1
DIPHENYL PHTHALATE,0.08,c1ccccc1OC(=O)c2ccccc2C(=O)Oc3ccccc3
ANTHRAQUINONE,-99,c1cccc2C(=O)c3ccccc3C(=O)c12
DIETHYL PHTHALATE,31.8,CCOC(=O)c1ccccc1C(=O)OCC
DI-N-BUTYLORTHOPHTHALATE #1,0.85,c(ccc1C(=O)OCCCC)cc1C(=O)OCCCC
DI-N-BUTYLORTHOPHTHALATE #2,1.1,c(ccc1C(=O)OCCCC)cc1C(=O)OCCCC
"2,3,4,5,6-PENTABROMOETHYLBENZENE",-99,CCc1c(Br)c(Br)c(Br)c(Br)c1Br
AZINPHOS-METHYL,0.064,COP(OC)(=S)SCN1N=Nc2ccccc2C1=O
SALICYLANILIDE,3.95,c1ccccc1NC(=O)c2c(O)cccc2
SALICYLANILIDE,3.95,c1ccccc1NC(=O)c2c(O)cccc2
"HEXACHLORO-1,3-BUTADIENE",0.09,C(Cl)(Cl)=C(Cl)C(Cl)=C(Cl)(Cl)
"HEXACHLORO-1,3-BUTADIENE",0.09,C(Cl)(Cl)=C(Cl)C(Cl)=C(Cl)(Cl)
PENTACHLOROPHENOL #1,0.24,Oc1c(Cl)c(Cl)c(Cl)c(Cl)c1Cl
PENTACHLOROPHENOL #2,0.237,Oc1c(Cl)c(Cl)c(Cl)c(Cl)c1Cl
PENTACHLOROPHENOL #3,0.301,Oc1c(Cl)c(Cl)c(Cl)c(Cl)c1Cl
PENTACHLOROPHENOL #4,0.242,Oc1c(Cl)c(Cl)c(Cl)c(Cl)c1Cl
PENTACHLOROPHENOL #5,0.35,Oc1c(Cl)c(Cl)c(Cl)c(Cl)c1Cl
PENTACHLOROPHENOL #9,0.381,Oc1c(Cl)c(Cl)c(Cl)c(Cl)c1Cl
PENTACHLOROPHENOL #7,0.222,Oc1c(Cl)c(Cl)c(Cl)c(Cl)c1Cl
PENTACHLOROPHENOL #8,0.261,Oc1c(Cl)c(Cl)c(Cl)c(Cl)c1Cl
PENTACHLOROPHENOL #6,0.0986,Oc1c(Cl)c(Cl)c(Cl)c(Cl)c1Cl
"2,4,6-TRICHLOROPHENOL #1",9.16,Oc1c(Cl)cc(Cl)cc1Cl
"2,4,6-TRICHLOROPHENOL #2",4.55,Oc1c(Cl)cc(Cl)cc1Cl
"2,4,6-TRICHLOROPHENOL #3",2.8,Oc1c(Cl)cc(Cl)cc1Cl
3-TRIFLUOROMETHYL-4-NITROPHENOL,9.14,Oc1cc(C(F)(F)F)c(N(=O)=O)cc1
ANTHRANILAMIDE,395,c1(N)ccccc1C(=O)N
2-NITROPHENOL,160,Oc1c(N(=O)=O)cccc1
"2-sec-BUTYL-4,6-DINITROPHENOL (DINOSEB #1)",0.7,Oc1c(C(C)CC)cc(N(=O)=O)cc1N(=O)=O
"2-sec-BUTYL-4,6-DINITROPHENOL (DINOSEB #2)",0.41,Oc1c(C(C)CC)cc(N(=O)=O)cc1N(=O)=O
SALICYLALDEHYDE,2.3,O=Cc1ccccc1O
1-NAPHTHOL,4.63,Oc1cccc2ccccc12
2-PHENYLPHENOL,6.15,Oc1c(c2ccccc2)cccc1
XANTHONE #2,-99,c(ccc1C(=O)-c2cc3)cc1O-c2cc3
XANTHONE #1,-99,c(ccc1C(=O)-c2cc3)cc1O-c2cc3
"3,5-DIBROMOSALICYLALDEHYDE",0.85,Brc1c(O)c(C=O)cc(Br)c1
NAPHTHALENE,6.14,c1cccc2ccccc12
QUINOLINE,77.8,n(ccc1)c(ccc2)c1c2
"N,N-DIETHYLCYCLOHEXYLAMINE",21.4,CCN(CC)C1CCCCC1
"N,N-DIETHYLANILINE",16.4,CCN(CC)c1ccccc1
2-(N-ETHYL-M-TOLUIDINO)ETHANOL,52.9,OCCN(CC)c1cc(C)ccc1
DICYCLOHEXYL,-99,C1CCCCC1C2CCCCC2
1-BENZOYLACETONE,1.1,c1ccccc1C(=O)CC(=O)C
ETHYL P-AMINOBENZOATE #2,36,c1cc(N)ccc1C(=O)OCC
ETHYL P-AMINOBENZOATE #1,35.4,c1cc(N)ccc1C(=O)OCC
PIPERINE (ALIPHATIC),7.84,O1COc2ccc(C=CC=CC(=O)N3CCCCC3)cc12
"2,4-DIHYDROXYBENZALDEHYDE",13.1,c1(C=O)c(O)cc(O)cc1
O-XYLENE #1,16.4,Cc1c(C)cccc1
O-XYLENE #2,16.4,Cc1c(C)cccc1
O-CRESOL,14,Oc1c(C)cccc1
"1,2-DICHLOROBENZENE",9.47,Clc1c(Cl)cccc1
2-CHLOROANILINE #2,5.68,Nc1c(Cl)cccc1
2-CHLOROANILINE #1,5.81,Nc1c(Cl)cccc1
2-FLUOROTOLUENE #1,19.3,Cc1c(F)cccc1
2-FLUOROTOLUENE #2,19.6,Cc1c(F)cccc1
2-CHLOROPHENOL #1,13.8,Oc1c(Cl)cccc1
2-CHLOROPHENOL #2,9.41,Oc1c(Cl)cccc1
"1,2,4-TRIMETHYLBENZENE",7.72,Cc1c(C)cc(C)cc1
"3,4-DICHLOROTOLUENE",2.91,Cc1cc(Cl)c(Cl)cc1
"3,4-DICHLOROANILINE #1",7,Nc1cc(Cl)c(Cl)cc1
"3,4-DICHLOROANILINE #2",8.06,Nc1cc(Cl)c(Cl)cc1
"3,4-DICHLOROANILINE #3",7.7,Nc1cc(Cl)c(Cl)cc1
ALLYL METHACRYLATE,0.99,C=C(C)C(=O)OCC=C
"2,3-DIBROMOPROPANOL",71,BrCC(Br)CO
2-METHYLBUTYRALDEHYDE,9.97,CC(C=O)CC
"1,2,3-TRICHLOROPROPANE #1",66.5,ClCC(Cl)CCl
3-PENTANONE,1540,CCC(=O)CC
2-BUTANONE OXIME,843,CCC(C)=NO
2-(DIISOPROPYLAMINO)ETHANOL,201,OCCN(C(C)C)C(C)C
"2,4-DINITROANILINE #1",15.5,Nc1c(N(=O)=O)cc(N(=O)=O)cc1
"2,4-DINITROANILINE #2",14.2,Nc1c(N(=O)=O)cc(N(=O)=O)cc1
"2,2'-METHYLENEBIS(4-CHLOROPHENOL)",0.31,Oc1ccc(Cl)cc1Cc2cc(Cl)ccc2O
P-TERT-BUTYLPHENOL,5.15,Oc1ccc(C(C)(C)C)cc1
ISOPROPYLBENZENE,6.32,c1ccccc1C(C)C
ACETOPHENONE,162,c1ccccc1C(=O)C
NITROBENZENE,119,c1ccccc1N(=O)=O
M-AMINOACETOPHENONE,382,c1c(C(=O)C)cc(N)cc1
M-NITROTOLUENE,25.6,Cc1cc(N(=O)=O)ccc1
"N,N-DIMETHYL-P-TOLUIDINE #1",52,CN(C)c1ccc(C)cc1
"N,N-DIMETHYL-P-TOLUIDINE #2",46,CN(C)c1ccc(C)cc1
P-NITROANILINE,125,Nc1ccc(N(=O)=O)cc1
4-NITROPHENOL #1,58.6,Oc1ccc(N(=O)=O)cc1
4-NITROPHENOL #3,37.3,Oc1ccc(N(=O)=O)cc1
4-NITROPHENOL #2,41,Oc1ccc(N(=O)=O)cc1
P-DIMETHYLAMINOBENZALDEHYDE,45.7,CN(C)c1ccc(C=O)cc1
"1,4-DINITROBENZENE",0.71,O=N(=O)c1ccc(N(=O)=O)cc1
"N,N-DIETHYLETHANOLAMINE",1780,CCN(CCO)CC
ETHYLBENZENE #1,12.1,CCc1ccccc1
ETHYLBENZENE #2,9.09,CCc1ccccc1
BENZYLAMINE,102,NCc1ccccc1
BENZALDEHYDE #1,7.61,c(ccc1C=O)cc1
BENZALDEHYDE #2,12.8,c(ccc1C=O)cc1
N-METHYLANILINE,100,c(ccc1NC)cc1
CYCLOHEXANONE OXIME,208,ON=C1CCCCC1
2-CYANOPYRIDINE,726,n1c(C#N)cccc1
2-ETHYLPYRIDINE,414,n1c(CC)cccc1
SOLKETAL,16700,CC1(C)OCC(CO)O1
HEXAMETHYLENETETRAMINE (ALIPHATIC),49800,C(N(CN1C2)CN23)N(C1)C3
PHENYL ETHER,4,c1ccccc1Oc2ccccc2
N-ETHYL-M-TOLUIDINE,49.5,CCNc1cc(C)ccc1
TRIPROPYLAMINE,50.9,CCCN(CCC)CCC
TRIETHANOLAMINE,11800,OCCN(CCO)CCO
BENZYL-TERT-BUTANOL,66.4,c1ccccc1CCC(C)(C)O
P-TOLYL DISULFIDE,-99,c1cc(C)ccc1SSc2ccc(C)cc2
1-(2-HYDROXYETHYL)PIPERAZINE,6410,OCCN1CCNCC1
"N,N-DIMETHYLBENZYLAMINE",37.8,CN(C)Cc1ccccc1
4-ACETAMIDOPHENOL,814,c1cc(O)ccc1NC(=O)C
4-BUTYLANILINE,10.2,Nc1ccc(CCCC)cc1
NONYLPHENOL (Mixed),0.14,CCCCCCCCCc1ccc(O)cc1
4-DODECYLANILINE,-99,Nc1ccc(CCCCCCCCCCCC)cc1
2-ETHYL-1-HEXANOL,28.2,CCCCC(CC)CO
4-CHLOROBENZALDEHYDE,2.2,Clc(ccc1C=O)cc1
5-ETHYL-2-METHYLPYRIDINE,81.1,n1c(C)ccc(CC)c1
5-DIETHYLAMINO-2-PENTANONE,336,CC(=O)CCCN(CC)CC
DIETHYL MALONATE #1,15.4,CCOC(=O)CC(=O)OCC
DIETHYL MALONATE #2,17.4,CCOC(=O)CC(=O)OCC
DIETHYL MALONATE #3,11.8,CCOC(=O)CC(=O)OCC
"2,4-DIMETHYLPHENOL",16.6,Oc1c(C)cc(C)cc1
DIBUTYL FUMARATE #3,0.47,CCCCOC(=O)C=CC(=O)OCCCC
DIBUTYL FUMARATE #2,0.64,CCCCOC(=O)C=CC(=O)OCCCC
DIBUTYL FUMARATE #1,0.76,CCCCOC(=O)C=CC(=O)OCCCC
DIBUTYL FUMARATE #4,0.684,CCCCOC(=O)C=CC(=O)OCCCC
DIBUTYL ADIPATE,3.64,CCCCOC(=O)CCCCC(=O)OCCCC
P-BROMOANILINE,47.5,Nc1ccc(Br)cc1
P-XYLENE,8.87,Cc1ccc(C)cc1
4-METHYLPHENOL (P-CRESOL),16.5,Oc1ccc(C)cc1
4-CHLOROANILINE #1,30.6,Nc1ccc(Cl)cc1
4-CHLOROANILINE #2,32.3,Nc1ccc(Cl)cc1
4-CHLOROPHENOL,6.11,Oc1ccc(Cl)cc1
4-TOLUIDINE #1,149,Nc1ccc(C)cc1
4-TOLUIDINE #2,171,Nc1ccc(C)cc1
ISOBUTYL ACRYLATE #1,2.09,C=CC(=O)OCC(C)C
ISOBUTYL ACRYLATE #2,2.11,C=CC(=O)OCC(C)C
1-BROMOPROPANE,67.3,BrCCC
ACROLEIN #1,0.02,C=CC=O
ACROLEIN #2,0.014,C=CC=O
"1,2-DICHLOROETHANE",136,ClCCCl
2-CHLOROETHANOL #5,50.5,ClCCO
2-CHLOROETHANOL #2,73.1,ClCCO
2-CHLOROETHANOL #4,83.7,ClCCO
2-CHLOROETHANOL #1,37,ClCCO
2-CHLOROETHANOL #3,39.2,ClCCO
PROPYLAMINE,308,CCCN
PROPIONITRILE,1520,CCC#N
CHLOROACETONITRILE,1.35,ClCC#N
ETHYLENEDIAMINE,220,NCCN
ALLYL ALCOHOL,0.32,OCC=C
2-PROPYN-1-OL #1,1.53,C(O)C#C
2-PROPYN-1-OL #2,1.44,C(O)C#C
ACETALDOXIME,76,CC=NO
"2-METHYL-2,4-PENTANEDIOL",10700,CC(O)(C)CC(O)C
TERT-OCTYLAMINE,24.6,CC(C)(C)CC(C)(C)N
TERT-BUTYL SULFIDE,29.1,CC(C)(C)SC(C)(C)C
2-PENTANONE,1240,CCCC(=O)C
4-METHYL-2-PENTANONE #2,540,CC(=O)CC(C)C
4-METHYL-2-PENTANONE #1,505,CC(=O)CC(C)C
ISOPROPYL ETHER,786,CC(C)OC(C)C
TOLUENE #1,36.2,Cc1ccccc1
TOLUENE #2,31.7,Cc1ccccc1
4-PICOLINE,403,n1ccc(C)cc1
CHLOROBENZENE,16.9,Clc1ccccc1
CYCLOHEXANOL,704,C1CCCCC1O
CYCLOHEXANONE #2,732,C1C(=O)CCCC1
CYCLOHEXANONE #1,527,C1C(=O)CCCC1
PHENOL #1,28.8,Oc1ccccc1
PHENOL #2,32.4,Oc1ccccc1
PHENOL #3,49.7,Oc1ccccc1
PHENOL #4,24.8,Oc1ccccc1
3-PICOLINE,144,n1cc(C)ccc1
1-METHYLPIPERAZINE,2300,CN1CCNCC1
2-PICOLINE,897,n1c(C)cccc1
2-METHYLPIPERAZINE,2240,N1CC(C)NCC1
PROPYL ACETATE,60,CC(=O)OCCC
"1,3-DIBROMOPROPANE #1",2.44,BrCCCBr
"1,3-DIBROMOPROPANE #2",1.79,BrCCCBr
1-BROMOBUTANE,36.7,BrCCCC
BUTYLAMINE,268,CCCCN
ALLYL CYANIDE,182,C=CCC#N
"1,3-DIAMINOPROPANE",1190,NCCCN
MALONONITRILE (NOMINALS),0.56,N#CCC#N
2-METHOXYETHYLAMINE,524,COCCN
DIETHYLAMINE,855,CCNCC
PYRROLE,210,N1C=CC=C1
TETRAHYDROFURAN,2160,O(CC1)CC1
FURAN,61,C1=COC=C1
T-BUTYL DISULFIDE,1.37,CC(C)(C)SSC(C)(C)C
5-METHYL-2-HEXANONE,159,CC(=O)CCC(C)C
DIETHYL SEBACATE #1,2.7,CCOC(=O)CCCCCCCCC(=O)OCC
DIETHYL SEBACATE #2,2.73,CCOC(=O)CCCCCCCCC(=O)OCC
2-HEPTANONE,131,CCCCCC(=O)C
HEXANE,2.5,CCCCCC
"1,4-DICHLOROBUTANE",51.6,ClCCCCCl
AMYLAMINE,177,CCCCCN
VALERALDEHYDE #1,12.4,CCCCC=O
VALERALDEHYDE #2,13.4,CCCCC=O
"2-BUTYNE-1,4-DIOL",53.6,C(O)C#CC(O)
2-(ETHYLAMINO)ETHANOL,1480,CCNCCO
CYCLOHEXANE,4.53,C1CCCCC1
PYRIDINE #1,106,n1ccccc1
PYRIDINE #2,93.8,n1ccccc1
S-TRIOXANE,5950,C1OCOCO1
6-METHYL-5-HEPTEN-2-ONE,85.7,CC(=O)CCC=C(C)C
2-OCTANONE,36,CC(=O)CCCCCC
2-ETHOXYETHYL ACETATE,42.1,CC(=O)OCCOCC
1-BROMOHEXANE,3.45,BrCCCCCC
HEXYLAMINE,56.6,CCCCCCN
1-HEXANOL,97.7,CCCCCCO
DIETHANOLAMINE,4710,OCCNCCO
2-HYDROXYETHYL ETHER,75200,OCCOCCO
N-PROPYL SULFIDE,21.7,CCCSCCC
N-HEPTYLAMINE,21.8,CCCCCCCN
"1,4-DICYANOBUTANE",1930,N#CCCCCC#N
1-HEPTANOL,34.5,CCCCCCCO
1-BROMOOCTANE,0.838,BrCCCCCCCC
OCTYLAMINE,5.19,CCCCCCCCN
1-OCTANOL #2,14.6,CCCCCCCCO
1-OCTANOL #4,14,CCCCCCCCO
1-OCTANOL #3,13.1,CCCCCCCCO
1-OCTANOL #1,13.5,CCCCCCCCO
1-OCTANOL #6,13,CCCCCCCCO
1-OCTANOL #5,13.1,CCCCCCCCO
2-(2-ETHOXYETHOXY)ETHANOL,26500,CCOCCOCCO
NONANOIC ACID,104,CCCCCCCCC(=O)O
2-UNDECANONE,1.5,CCCCCCCCCC(=O)C
NONYLAMINE,2.16,CCCCCCCCCN
TRIETHYLENE GLYCOL #1,59900,OCCOCCOCCO
TRIETHYLENE GLYCOL #2,70200,OCCOCCOCCO
TRIETHYLENE GLYCOL #3,77400,OCCOCCOCCO
1-DECANOL,2.4,CCCCCCCCCCO
1-TRIDECANOL,-99,CCCCCCCCCCCCCO
PROPOXUR (BAYGON),8.8,CC(C)Oc1ccccc1OC(=O)NC
2-METHYL-3-BUTYN-2-OL,3290,CC(O)(C)C#C
"2,2,2-TRICHLOROETHANOL",299,C(Cl)(Cl)(Cl)CO
DICOFOL (KELTHANE),0.603,c1cc(Cl)ccc1C(C(Cl)(Cl)Cl)(O)c2ccc(Cl)cc2
TRIPHENYL PHOSPHATE,0.87,c1ccccc1OP(=O)(Oc2ccccc2)Oc3ccccc3
FENSULFOTHION,43.2,S(=O)(C)c(ccc1OP(=S)(OCC)OCC)cc1
ALDICARB,0.861,CSC(C)(C)C=NOC(=O)NC
DIOCTYL PHTHALATE,-99,CCCCC(CC)COC(=O)c1ccccc1C(=O)OCC(CCCC)CC
DI-N-OCTYL PHTHALATE,-99,CCCCCCCCOC(=O)c1ccccc1C(=O)OCCCCCCCC
PHENYL SALICYLATE,1.18,c1cccc(O)c1C(=O)Oc2ccccc2
ETHYL SALICYLATE #1,19.8,c1cccc(O)c1C(=O)OCC
ETHYL SALICYLATE #2,20.7,c1cccc(O)c1C(=O)OCC
"2,4,6-TRIBROMOPHENOL",6.54,Oc1c(Br)cc(Br)cc1Br
4-AMINO-2-NITROPHENOL,36.2,Oc1c(N(=O)=O)cc(N)cc1
BENZOPHENONE #2,14.2,c1ccccc1C(=O)c2ccccc2
BENZOPHENONE #1,15.3,c1ccccc1C(=O)c2ccccc2
N-PHENYLDIETHANOLAMINE,735,c1ccccc1N(CCO)CCO
4-(DIETHYLAMINO)BENZALDEHYDE,23.9,c(cc(c1)N(CC)CC)c(c1)C=O
CATECHOL,9.22,Oc1c(O)cccc1
"1,2,4-TRICHLOROBENZENE",2.99,Clc1c(Cl)cc(Cl)cc1
"2,4-DICHLOROPHENOL",7.75,Oc1c(Cl)cc(Cl)cc1
"2,4-DINITROTOLUENE",24.3,Cc1c(N(=O)=O)cc(N(=O)=O)cc1
3-ETHOXY-4-HYDROXYBENZALDEHYDE,87.6,O=Cc1cc(OCC)c(O)cc1
VANILLIN #1,57,c1(C(=O))cc(OC)c(O)cc1
VANILLIN #2,123,c1(C(=O))cc(OC)c(O)cc1
"N,N-DIMETHYLANILINE #1",78.2,CN(C)c1ccccc1
"N,N-DIMETHYLANILINE #2",52.6,CN(C)c1ccccc1
1-CHLORO-3-NITROBENZENE,18.8,Clc1cc(N(=O)=O)ccc1
MALATHION,14.1,COP(OC)(=S)SC(CC(=O)OCC)C(=O)OCC
2-CHLORO-4-NITROANILINE #2,18.9,Nc1c(Cl)cc(N(=O)=O)cc1
2-CHLORO-4-NITROANILINE #1,21.5,Nc1c(Cl)cc(N(=O)=O)cc1
P-ISOPROPYL BENZALDEHYDE,6.62,c1(C=O)ccc(C(C)C)cc1
DIPHENYLAMINE,3.79,c1ccccc1Nc2ccccc2
2-PHENOXYETHANOL,344,c1ccccc1OCCO
4-ETHYLPHENOL,10.4,Oc1ccc(CC)cc1
2-METHYLVALERALDEHYDE,18.8,CC(C=O)CCC
"2,4-PENTANEDIONE #2",175,CC(=O)CC(=O)C
"2,4-PENTANEDIONE #1",104,CC(=O)CC(=O)C
ETHYL HEXANOATE,8.9,CCCCCC(=O)OCC
BUTANAL #1,16,CCCC=O
BUTANAL #2,13.4,CCCC=O
BUTYL ACETATE,18,CC(=O)OCCCC
"1,4-DIOXANE #1",9850,O1CCOCC1
"1,4-DIOXANE #2",10800,O1CCOCC1
DODECYLAMINE,0.103,CCCCCCCCCCCCN
TETRADECANAL,-99,CCCCCCCCCCCCCC=O
TRIBUTYL PHOSPHATE #1,11,CCCCOP(=O)(OCCCC)OCCCC
TRIBUTYL PHOSPHATE #2,8.18,CCCCOP(=O)(OCCCC)OCCCC
"5,5-DIMETHYL-1,3-CYCLOHEXANEDIONE",11500,O=C(CC(=O)C1)CC1(C)C
1-CHLORO-2-PROPANOL,245,ClCC(O)C
TETRACHLOROETHYLENE #1,13.4,C(Cl)(Cl)=C(Cl)(Cl)
TETRACHLOROETHYLENE #2,20.3,C(Cl)(Cl)=C(Cl)(Cl)
2-PHENYL-3-BUTYN-2-OL,113,CC(c1ccccc1)(O)C#C
"2,6-DI-TERT-BUTYL-4-METHYLPHENOL",0.363,Oc1c(C(C)(C)C)cc(C)cc1C(C)(C)C
SACCHARIN SODIUM SALT HYDRATE,18300,O=C1NS(=O)(=O)c2ccccc21
DIBENZOFURAN #2,1.85,c1cccc2c3ccccc3Oc12
DIBENZOFURAN #1,1.78,c1cccc2c3ccccc3Oc12
DIBENZOFURAN #3,1.03,c1cccc2c3ccccc3Oc12
PHENYL 4-AMINOSALICYLATE #1,4.13,c1ccccc1OC(=O)c2c(O)cc(N)cc2
PHENYL 4-AMINOSALICYLATE #2,5.51,c1ccccc1OC(=O)c2c(O)cc(N)cc2
"N,N-DIETHYL-M-TOLUAMIDE",110,CCN(CC)C(=O)c1cccc(C)c1
"PROPIONIC ACID, SODIUM SALT",4790,CCC(=O)O
1-(2-AMINOETHYL)PIPERAZINE,2190,NCCN1CCNCC1
DIBUTYL SUCCINATE,4.46,CCCCOC(=O)CCC(=O)OCCCC
DIETHYL ADIPATE #1,16.8,CCOC(=O)CCCCC(=O)OCC
DIETHYL ADIPATE #2,19.3,CCOC(=O)CCCCC(=O)OCC
2-AMINOETHANOL,2070,OCCN
ETHYL ACETATE,230,CC(=O)OCC
"2,6-DIMETHYLMORPHOLINE",387,N1CC(C)OC(C)C1
M-DIETHYLBENZENE,4.15,CCc1cc(CC)ccc1
"1,3-DICHLOROPROPANE #1",131,ClCCCCl
"1,3-DICHLOROPROPANE #2",94.2,ClCCCCl
HEXANOIC ACID,320,CCCCCC(=O)O
HEXYL ACETATE,4.4,CC(=O)OCCCCCC
BUTYL ETHER,32.3,CCCCOCCCC
1-NONANOL,5.7,CCCCCCCCCO
DI-N-HEXYLAMINE,0.78,CCCCCCNCCCCCC
CIS-OCTADECEN-1-OL,-99,OCCCCCCCCC=CCCCCCCCC
O-VANILLIN #1,2.6,c1(C=O)c(O)c(OC)ccc1
O-VANILLIN #2,2.2,c1(C=O)c(O)c(OC)ccc1
3-METHOXYPHENOL,74,Oc1cc(OC)ccc1
4-METHOXYPHENOL,110,Oc1ccc(OC)cc1
P-DIMETHOXYBENZENE,117,COc1ccc(OC)cc1
"2,3-BENZOFURAN",14,C1=COc2ccccc12
"1,4-DIAZABICYCLO[2.2.2]OCTANE",1730,C(CN(C1)C2)N(C1)C2
ADAMANTANE,0.28,C(CC(CC1CC23)C2)(C1)C3
DISULFOTON #1,3.98,CCOP(OCC)(=S)SCCSCC
DISULFOTON #2,1.9,S=P(SCCSCC)(OCC)OCC
"SECOBARBITAL, SODIUM SALT",23.6,N1C(=O)C(CC=C)(C(C)CCC)C(=O)NC1=O
BROMACIL,186,BrC1=C(C)NC(=O)N(C(C)CC)C1=O
"2,5-DINITROPHENOL",3.36,Oc1c(N(=O)=O)ccc(N(=O)=O)c1
DIURON,14.2,c1c(Cl)c(Cl)ccc1NC(=O)N(C)C
P-FLUOROPHENYL ETHER #1,1.2,c1cc(F)ccc1Oc2ccc(F)cc2
P-FLUOROPHENYL ETHER #2,1.06,c1cc(F)ccc1Oc2ccc(F)cc2
DIAZINON,9.35,c1c(C)nc(C(C)C)nc1OP(OCC)(=S)OCC
1-FLUORO-4-NITROBENZENE,28.4,Fc1ccc(N(=O)=O)cc1
"A,A,A-TRIFLUORO-M-TOLUNITRILE",47.7,C(F)(F)(F)c1cc(C#N)ccc1
4-FLUOROANILINE,16.9,Nc1ccc(F)cc1
2-CHLORO-6-FLUOROBENZALDEHYDE,9.41,c1(C=O)c(Cl)cccc1F
"A,A,A-4-TETRAFLUORO-O-TOLUIDINE",29.6,Nc1c(C(F)(F)F)cc(F)cc1
O-FLUOROBENZALDEHYDE,1.35,c1(C=O)c(F)cccc1
"A,A,A-TRIFLUORO-O-TOLUNITRILE",42.2,c1(C#N)ccccc1C(F)(F)F
"A,A,A-TRIFLUORO-M-TOLUALDEHYDE #1",0.92,c1(C=O)cc(C(F)(F)(F))ccc1
"A,A,A-TRIFLUORO-M-TOLUALDEHYDE #2",0.76,c1(C=O)cccc(C(F)(F)(F))c1
"A,A,A-TRIFLUORO-M-TOLUALDEHYDE #3",1.13,c1(C=O)cccc(C(F)(F)(F))c1
4-FLUORO-N-METHYLANILINE,38.4,CNc1ccc(F)cc1
7-TRIDECANONE,-99,CCCCCCC(=O)CCCCCC
[(1S)-ENDO]-(-)-BORNEOL #2,59,OC(CC1C2)C(C2)(C1(C)C)C
[(1S)-ENDO]-(-)-BORNEOL #1,67.8,OC(CC1C2)C(C2)(C1(C)C)C
(1S)-(-)-CAMPHOR,17,O=C(CC1C2)C(C2)(C1(C)C)C
CINEOLE,102,C1CC2C(C)(C)OC1(C)CC2
NEOABIETIC ACID #1,1.71,C1C(=C(C)(C))C=C2CCC3C(C)(C(=O)O)CCCC3(C)C2C1
NEOABIETIC ACID #2,1.3,C1C(=C(C)(C))C=C2CCC3C(C)(C(=O)O)CCCC3(C)C2C1
"2,4,5-TRIPHENYLIMIDAZOLE",-99,N1=C(c2ccccc2)NC(c3ccccc3)=C1c4ccccc4
"2,3-DIHYDROBENZOFURAN",81.7,C1COc2ccccc21
EXO-NORBORNEOL,228,C1(O)CC2CC1CC2
NORBORNYLENE,10,C1C2C=CC1CC2
"2,6-PYRIDINEDICARBOXYLIC ACID",322,n1c(C(=O)O)cccc1C(=O)O
3-PYRIDINECARBOXALDEHYDE,16.4,n1cc(C=O)ccc1
5-NONANONE,31,CCCCC(=O)CCCC
"2,3-DIMETHYL-1,3-BUTADIENE",6.91,C=C(C)C(C)=C
ABIETIC ACID,2.38,O=C(O)C(C(C(C(C(=C1)C=C(C2)C(C)C)C2)(CC3)C)C1)(C3)C
FLAVONE,3.5,c1ccccc1C1=CC(=O)c2ccccc2O1
"2,4,6-TRIMETHYLPHENOL",13,Oc1c(C)cc(C)cc1C
O-TOLUNITRILE,44.7,c1(C#N)ccccc1C
O-TOLUALDEHYDE,52.9,c1(C=O)c(C)cccc1
"BENZOIC ACID, SODIUM SALT",484,c1ccccc1C(=O)O
"4,6-DINITRO-O-CRESOL #1",1.95,Oc1c(C)cc(N(=O)=O)cc1N(=O)=O
"4,6-DINITRO-O-CRESOL #2",1.54,Oc1c(C)cc(N(=O)=O)cc1N(=O)=O
AMYLBENZENE,1.71,c1ccccc1CCCCC
tert-BUTYL ACETATE,327,O=C(OC(C)(C)C)C
"1,3-DICHLOROBENZENE",8.03,Clc1cc(Cl)ccc1
"1,3-DICHLOROPROPENE",0.239,ClCC=CCl
N-BUTYL SULFIDE,3.58,CCCCSCCCC
2'-HYDROXY-4'-METHOXYACETOPHENONE #1,54.9,c1(O)cc(OC)ccc1C(=O)C
2'-HYDROXY-4'-METHOXYACETOPHENONE #2,87.8,c1(O)cc(OC)ccc1C(=O)C
O-NITROBENZALDEHYDE #2,16.6,c1(C=O)c(N(=O)(=O))cccc1
O-NITROBENZALDEHYDE #1,12.5,c1(C=O)c(N(=O)(=O))cccc1
4-NITROBENZALDEHYDE,10.1,O=Cc1ccc(N(=O)=O)cc1
3-METHYL-2-BUTANONE,864,CC(=O)C(C)C
"2,6-DINITROPHENOL",39.7,Oc1c(N(=O)=O)cccc1N(=O)=O
"1,2-DIBROMOBENZENE",4.05,Brc1c(Br)cccc1
N-ALLYLANILINE,35.9,C=CCNc1ccccc1
4-ETHYLANILINE,73,Nc1ccc(CC)cc1
ISOVALERALDEHYDE,3.25,CC(C)CC=O
2-HEXANONE,428,CCCCC(=O)C
"2,4-HEXADIENE #1",20.6,CC=CC=CC
"2,4-HEXADIENE #2",19.4,CC=CC=CC
2-TRIDECANONE,0.36,CCCCCCCCCCCC(=O)C
TETRAPHENYLTIN,-99,c1ccccc1[Sn](c2ccccc2)(c3ccccc3)c4ccccc4
MANOOL,0.12,C=CC(O)(C)CCC1C(=C)CCC2C(C)(C)CCCC21(C)
TETRAETHYLTIN,0.011,CC[Sn](CC)(CC)CC
"1,2-DIMETHYLPROPYLAMINE",284,CC(C)C(C)N
"2,4-DIMETHYL-3-PENTANOL",163,CC(C)C(O)C(C)C
TRIPHENYLAMINE,-99,c1ccccc1N(c2ccccc2)c3ccccc3
"N,N-DIPHENYLFORMAMIDE #1",26.3,c1ccccc1N(c2ccccc2)C(=O)
"N,N-DIPHENYLFORMAMIDE #2",35.1,c1ccccc1N(c2ccccc2)C(=O)
DIETHYL BENZYLMALONATE,5.43,CCOC(=O)C(Cc1ccccc1)C(=O)OCC
PENTABROMOPHENOL,0.093,Oc1c(Br)c(Br)c(Br)c(Br)c1Br
"2,4,6-TRIIODOPHENOL",1.21,Oc1c(I)cc(I)cc1I
"2,4-DIMETHOXYBENZALDEHYDE",20.1,c1(C=O)c(OC)cc(OC)cc1
2-ACETAMIDOPHENOL #1,22.1,Oc1c(NC(=O)C)cccc1
2-ACETAMIDOPHENOL #2,33,Oc1c(NC(=O)C)cccc1
2-CHLORO-4-METHYLANILINE,35.9,Nc1c(Cl)cc(C)cc1
4-ETHOXY-2-NITROANILINE,26,Nc1c(N(=O)=O)cc(OCC)cc1
METHYL P-NITROBENZOATE,23.8,c1cc(N(=O)=O)ccc1C(=O)OC
4-NITROBENZAMIDE,133,c1cc(N(=O)=O)ccc1C(=O)N
4-NITROPHENYL PHENYL ETHER,2.65,c1ccccc1Oc2ccc(N(=O)=O)cc2
BENZYL SULFOXIDE,80.1,c(ccc1CS(=O)Cc(ccc2)cc2)cc1
3-ACETAMIDOPHENOL,1130,Oc1cc(NC(=O)C)ccc1
4-(2-HYDROXYETHYL)MORPHOLINE,2710,OCCN1CCOCC1
"A,A'-DICHLORO-P-XYLENE",0.039,ClCc1ccc(CCl)cc1
"1,4-DIIODOBENZENE",-99,Ic1ccc(I)cc1
"2,5-DIMETHYLFURAN",71.1,O1C(C)=CC=C1C
"1,5-DICHLOROPENTANE",25.3,ClCCCCCCl
1-BROMOHEPTANE,1.47,BrCCCCCCC
PROPYL DISULFIDE,2.62,CCCSSCCC
"1,6-DICYANOHEXANE",528,N#CCCCCCCC#N
"2,3,4-TRICHLOROANILINE",3.64,Nc1c(Cl)c(Cl)c(Cl)cc1
5-CHLOROSALICYLALDEHYDE,0.77,c1(C=O)c(O)ccc(Cl)c1
4-PROPYLPHENOL,11,Oc1ccc(CCC)cc1
PENTAFLUOROBENZALDEHYDE,1.1,c1(C(=O))c(F)c(F)c(F)c(F)c1(F)
"2,2-DICHLOROACETAMIDE",241,C(Cl)(Cl)C(=O)N
1-METHYL HEPTYLAMINE #1,5.11,CCCCCCC(C)N
1-METHYL HEPTYLAMINE #2,5.28,CCCCCCC(C)N
2-DECANONE #1,5.7,CC(=O)CCCCCCCC
2-DECANONE #2,4.1,CC(=O)CCCCCCCC
PENTYL ETHER,3.14,CCCCCOCCCCC
4-METHYLOXAZOLE,1390,CC1=COC=N1
2-METHYLIMIDAZOLE,286,CC1=NC=CN1
2-ADAMANTANONE,60.8,O=C(C(CC(C1)CC2C3)C2)C13
A-DECANOLACTONE,18,CCCCCCC1OC(=O)CC1
"4,6-DIMETHOXY-2-HYDROXYBENZALDEHYDE",2.68,c1(C=O)c(O)cc(OC)cc1OC
PROPANIL,8.6,c1c(Cl)c(Cl)ccc1NC(=O)CC
"2,4,6-TRI-TERT-BUTYLPHENOL",0.0609,Oc1c(C(C)(C)C)cc(C(C)(C)C)cc1C(C)(C)C
"3,4-DICHLORO-1-BUTENE #1",9.33,C=CC(Cl)C(Cl)
"3,4-DICHLORO-1-BUTENE #2",7.17,C=CC(Cl)C(Cl)
"N,N-DIBUTYLFORMAMIDE",89.3,C(=O)N(CCCC)CCCC
2-BUTYN-1-OL,10.1,C(O)C#CC
"2,5-DIMETHYL-2,4-HEXADIENE",3.78,CC(C)=CC=C(C)C
1-ADAMANTANAMINE,25,C(N)(CC(CC1CC23)C2)(C1)C3
"3-CYANO-4,6-DIMETHYL-2-HYDROXYPYRIDINE",157,n1c(O)c(C#N)c(C)cc1C
"2,3,4,5,6-PENTAFLUOROANILINE",37.1,Nc1c(F)c(F)c(F)c(F)c1F
CARBOPHENOTHION,0.24,Clc(ccc1SCSP(=S)(OCC)OCC)cc1
TRIPHENYLPHOSPHINE OXIDE,53.7,c1ccccc1P(=O)(c2ccccc2)c3ccccc3
TRIS(P-DIMETHYLAMINOPHENYL)PHOSPHINE OXIDE,-99,c1cc(N(C)C)ccc1P(=O)(c2ccc(N(C)C)cc2)c3ccc(N(C)C)cc3
2-HYDROXYETHYL ACRYLATE,4.8,C=CC(=O)OCCO
1-OCTYN-3-OL,0.413,C#CC(O)CCCCC
2-NONANONE,15.2,CCCCCCCC(=O)C
"TRANS-1,2-DICHLOROCYCLOHEXANE",18.4,ClC1CCCCC1Cl
P-PHENOXYPHENOL,4.95,c1ccccc1Oc2ccc(O)cc2
2-HYDROXYETHYL METHACRYLATE,227,C=C(C)C(=O)OCCO
3-BROMOTHIOPHENE,6.19,C1(Br)=CSC=C1
"2,4-DICHLOROBENZALDEHYDE",1.8,O=Cc1c(Cl)cc(Cl)cc1
PHENYL DISULFIDE,0.11,c1ccccc1-SS-c2ccccc2
"1,4-DIPHENYL-1,3-BUTADIENE",-99,c(cccc1)(c1)C=CC=Cc(cccc2)c2
ETHYL 3-AMINOBENZOATE METHANESULFONIC ACID SALT (MS-222),79,c1ccc(N)cc1C(=O)OCC
"1,1,1,3,3,3-HEXAFLUORO-2-PROPANOL",244,C(F)(F)(F)C(O)C(F)(F)(F)
"1,5-HEXADIEN-3-OL",38.1,C=CC(O)CC=C
3-BUTYN-1-OL,36.1,C(O)CC#C
CIS-3-HEXEN-1-OL,381,CCC=CCCO
TRANS-3-HEXEN-1-OL,271,CCC=CCCO
2-ACETYL-1-METHYLPYRROLE,157,CN1C(C(=O)C)=CC=C1
4-PHENYLPYRIDINE,16.1,n1ccc(c2ccccc2)cc1
PHENYL SULFOXIDE,87.3,c(ccc1)c(c1)S(=O)c(ccc2)cc2
"2,5-DIPHENYLFURAN",-99,c1ccccc1C1=CC=C(c2ccccc2)O1
2-HYDROXYPROPYL ACRYLATE #1,3.61,C=CC(=O)OCC(O)C
2-HYDROXYPROPYL ACRYLATE #2,3.1,C=CC(=O)OCC(O)C
2-AMINO-5-BROMOPYRIDINE,177,n1c(N)ccc(Br)c1
DIETHYL BENZYLPHOSPHONATE,336,CCOP(=O)(Cc1ccccc1)OCC
DODECANAMIDE,-99,CCCCCCCCCCCC(=O)N
4-ACETYLPYRIDINE,168,n1ccc(C(=O)C)cc1
METHYL P-CHLOROBENZOATE,11,c1cc(Cl)ccc1C(=O)OC
BUTYL PHENYL ETHER,5.77,CCCCOc1ccccc1
METHYL 4-CYANOBENZOATE,46.8,c1cc(C#N)ccc1C(=O)OC
TETRACHLOROCATECHOL,1.27,Oc1c(O)c(Cl)c(Cl)c(Cl)c1Cl
"A-BROMO-2',5'-DIMETHOXYACETOPHENONE #1",0.087,c1c(C(=O)CBr)c(OC)ccc1OC
"A-BROMO-2',5'-DIMETHOXYACETOPHENONE #2",0.053,c1c(C(=O)CBr)c(OC)ccc1OC
"A-BROMO-2',5'-DIMETHOXYACETOPHENONE #3",0.064,c1c(C(=O)CBr)c(OC)ccc1OC
TETRABUTYLTIN,0.0452,CCCC[Sn](CCCC)(CCCC)CCCC
"3,4-DIMETHYL-1-PENTYN-3-OL",205,C#CC(C)(O)C(C)C
N-VINYLCARBAZOLE,0.0032,c(ccc1c2cc3)cc1N(c2cc3)C=C
3-BENZYLOXYANILINE,9.14,c1c(N)cccc1OCc2ccccc2
CARBOFURAN,0.844,CC1(C)Oc2c(OC(=O)NC)cccc2C1
TERT-BUTYL METHYL ETHER,672,CC(C)(C)OC
"1,9-DECADIENE",0.29,C=CCCCCCCC=C
P-PHENYLAZOPHENOL,1.17,c1cc(O)ccc1N=Nc2ccccc2
"3,5-DIIODO-4-HYDROXYBENZONITRILE",6.8,c1c(I)c(O)c(I)cc1C#N
"3,5-DIBROMO-4-HYDROXYBENZONITRILE #1",11.5,c1c(Br)c(O)c(Br)cc1C#N
"3,5-DIBROMO-4-HYDROXYBENZONITRILE #2",13.8,c1c(Br)c(O)c(Br)cc1C#N
DEHYDROABIETIC ACID,2.1,OC(=O)C1(C)CCCC2(C)c3ccc(C(C)C)cc3CCC21
2-ALLYLPHENOL,15,C=CCc1ccccc1O
T-BUTYLSTYRENE,0.49,C=Cc1ccc(C(C)(C)C)cc1
5-BROMOSALICYLALDEHYDE,1.3,c1(C=O)c(O)ccc(Br)c1
3-CHLORO-2-CHLOROMETHYL-1-PROPENE,0.19,C=C(CCl)C(Cl)
"3,5-DICHLORO-4-HYDROXYBENZONITRILE",24.3,c1c(Cl)c(O)c(Cl)cc1C#N
DI-N-BUTYLTEREPHTHALATE,0.59,CCCCOC(=O)c1ccc(C(=O)OCCCC)cc1
"4,4'-DIHYDROXYDIPHENYL ETHER #1",5.22,c1cc(O)ccc1Oc2ccc(O)cc2
"4,4'-DIHYDROXYDIPHENYL ETHER #2",6.39,c1cc(O)ccc1Oc2ccc(O)cc2
"2,6-DICHLOROBENZAMIDE",469,c1(Cl)cccc(Cl)c1C(=O)N
N-DECYLAMINE,1.03,CCCCCCCCCCN
AMINOCARB,1.95,CNC(=O)Oc1cc(C)c(N(C)C)cc1
"2,4,5-TRIBROMOIMIDAZOLE (NOMINAL) #1",7.96,N1=C(Br)NC(Br)=C1Br
"2,4,5-TRIBROMOIMIDAZOLE #2",4.7,N1=C(Br)NC(Br)=C1Br
O-ETHYL O-(P-NITROPHENYL PHENYL)PHOSPHONOTHIOATE,0.0786,CCOP(=S)(Oc1ccc(cc1)N(=O)=O)c2ccccc2
(+-)-4-PENTYN-2-OL,35.1,OC(C)CC#C
4-CHLOROCATECHOL,1.58,Oc1c(O)cc(Cl)cc1
"METHYL 2,4-DIHYDROXYBENZOATE",45.8,c1(O)cc(O)ccc1C(=O)OC
LAURYL ACRYLATE,-99,C=CC(=O)OCCCCCCCCCCCC
PENTACHLOROPYRIDINE,0.47,n1c(Cl)c(Cl)c(Cl)c(Cl)c1Cl
"(1R,2S,5R)-(-)-MENTHOL",18.9,C1C(C)CC(O)C(C(C)(C))C1
1-(p-TOLUENESULFONYL)IMIDAZOLE,41.8,C1=CN=CN1S(=O)(=O)c2ccc(C)cc2
"2',4'-DICHLOROACETOPHENONE",11.7,c1c(C(=O)C)c(Cl)cc(Cl)c1
N-OCTYL CYANIDE #1,4.91,CCCCCCCCC#N
N-OCTYL CYANIDE #2,5.61,CCCCCCCCC#N
"A,A,A-4-TETRAFLUORO-M-TOLUIDINE",30.1,Nc1cc(C(F)(F)F)c(F)cc1
TRANS-2-PHENYL-1-CYCLOHEXANOL,44.4,C1(c2ccccc2)CCCCC1O
2-ETHOXYETHYL METHACRYLATE,27.7,C=C(C)C(=O)OCCOCC
"2,3,6-TRIMETHYLPHENOL",8.2,Oc1c(C)c(C)ccc1C
N-UNDECYL CYANIDE,0.43,CCCCCCCCCCCC#N
0-METHOXYBENZAMIDE,120,c1(OC)ccccc1C(=O)N
"2,4-DICHLOROBENZAMIDE",95.6,c1(Cl)cc(Cl)ccc1C(=O)N
TETRAHYDROFURFURYL METHACRYLATE,34.7,C=C(C)C(=O)OCC1OCCC1
"4,5-DICHLOROGUAIACOL",4.47,Oc1c(OC)cc(Cl)c(Cl)c1
BENZYL METHACRYLATE,4.67,C=C(C)C(=O)OCc1ccccc1
HEXYL ACRYLATE #1,1.09,C=CC(=O)OCCCCCC
HEXYL ACRYLATE #2,1.14,C=CC(=O)OCCCCCC
P-(TERT-BUTYL)-PHENYL-N-METHYLCARBAMATE,10,CC(C)(C)c1ccc(OC(=O)NC)cc1
2-(2-AMINOETHYL)PYRIDINE,-99,n1c(CCN)cccc1
1-BENZYLPIPERAZINE,47.4,c1ccccc1CN2CCNCC2
3-(3-PYRIDYL)-1-PROPANOL,150,n(ccc1)cc1CCCO
TRIDECYLAMINE,0.0654,CCCCCCCCCCCCCN
2-AMINO-4'-CHLOROBENZOPHENONE,2.12,c1cccc(N)c1C(=O)c2ccc(Cl)cc2
"METHYL 2,5-DICHLOROBENZOATE",14,c1(Cl)ccc(Cl)cc1C(=O)OC
CHLORPYRIFOS #2 (DURSBAN),0.506,CCOP(OCC)(=S)Oc1nc(Cl)c(Cl)cc1Cl
CHLORPYRIFOS #1 (DURSBAN),0.2,CCOP(OCC)(=S)Oc1nc(Cl)c(Cl)cc1Cl
5-BROMOVANILLIN,59.7,c1(OC)cc(C=O)cc(Br)c1O
CYCLOHEXYL ACRYLATE,1.48,C=CC(=O)OC1CCCCC1
4-CHLOROPHENYL SULFOXIDE,-99,S(c1ccc(Cl)cc1)(=O)c2ccc(Cl)cc2
TRIETHYL NITRILOTRICARBOXYLATE,13.3,CCOC(=O)N(C(=O)OCC)C(=O)OCC
"4,5-DICHLOROCATECHOL",0.89,Oc1c(O)cc(Cl)c(Cl)c1
"2,3,5,6-TETRACHLOROANILINE",0.27,Nc1c(Cl)c(Cl)cc(Cl)c1Cl
"2,6-DIPHENYLPYRIDINE",0.21,n1c(c2ccccc2)cccc1c3ccccc3
"1,3-DICHLORO-4,6-DINITROBENZENE #1",0.052,Clc1cc(Cl)c(N(=O)=O)cc1N(=O)=O
"1,3-DICHLORO-4,6-DINITROBENZENE #2",0.04,Clc1cc(Cl)c(N(=O)=O)cc1N(=O)=O
"2,4,5-TRICHLOROPHENYL DISULFIDE",-99,c1(Cl)cc(Cl)c(Cl)cc1-SS-c2c(Cl)cc(Cl)c(Cl)c2
"TRIS(3,4-DIMETHYLPHENYL) PHOSPHATE",-99,c1c(C)c(C)ccc1OP(=O)(Oc2cc(C)c(C)cc2)Oc3cc(C)c(C)cc3
"2,3-DIMETHYLVALERALDEHYDE",16,CCC(C)C(C)C=O
2-DECYN-1-OL,1.07,C(O)C#CCCCCCCC
5-CHLORO-2-PYRIDINOL,1140,n1c(O)ccc(Cl)c1
ISOPROPYL DISULFIDE,8.31,CC(C)SSC(C)C
"2,4,5-TRIMETHOXYBENZALDEHYDE",49.5,c1(C=O)c(OC)cc(OC)c(OC)c1
ISOPROPYL METHACRYLATE,38,C=C(C)C(=O)OC(C)C
1-HEXEN-3-OL,30.4,C=CC(O)CCC
"2,3,4,5-TETRACHLOROPHENOL",0.41,Oc1c(Cl)c(Cl)c(Cl)c(Cl)c1
"1,2-BIS(4-PYRIDYL)ETHANE",151,c1cnccc1CCc2ccncc2
"1,3-DIETHYL-2-THIOBARBITURIC ACID",4510,C1C(=O)N(CC)C(=S)N(CC)C1=O
DIMETHYL NITROTEREPHTHALATE,6.52,COC(=O)c1ccc(C(=O)OC)cc1N(=O)=O
5-CHLORO-2-MERCAPTOBENZOTHIAZOLE,3.21,c1cc(Cl)cc2N=C(S)S-c12
DIMETHYL AMINOTEREPHTHALATE,8.94,COC(=O)c1ccc(C(=O)OC)cc1(N)
"3,6-DITHIAOCTANE",60.2,CCSCCSCC
3-DIMETHYLAMINOPROPYL CHLORIDE.HCL,133,CN(C)CCCCl
4'-CHLORO-3'-NITROACETOPHENONE,5.5,c1c(C(=O)C)cc(N(=O)(=O))c(Cl)c1
2-AMINO-4-CHLORO-6-METHYLPYRIMIDINE #1,147,Cc1cc(Cl)nc(N)n1
2-AMINO-4-CHLORO-6-METHYLPYRIMIDINE #2,136,NC1NC(Cl)CC(C)N1
"2,6-DIMETHOXYTOLUENE",20.2,Cc1c(OC)cccc1OC
2-DIMETHYLAMINOPYRIDINE,127,n1c(N(C)C)cccc1
"2,2-DIMETHYL-1-PROPYLAMINE",475,CC(C)(C)CN
ISOPIMARIC ACID,0.87,C1(C)(C=C)CCC2C3(C)CCCC(C(=O)O)(C)C3CC=C2C1
2-AMINO-5-CHLOROBENZONITRILE,28.6,c1(N)ccc(Cl)cc1C#N
"1,1,1-TRICHLORO-2-METHYL-2-PROPANOL(HYDRATE)",135,C(Cl)(Cl)(Cl)C(C)(O)C
2-DODECANONE,1.18,CCCCCCCCCCC(=O)C
4-DIMETHYLAMINOCINNAMALDEHYDE,5.9,c1c(C=CC=O)ccc(N(C)C)c1
"1,3,5-TRICHLORO-2,4-DINITROBENZENE",0.222,Clc1c(N(=O)=O)c(Cl)c(N(=O)=O)c(Cl)c1
2-CHLORO-5-NITROBENZALDEHYDE #1,3.8,Clc(ccc1N(=O)=O)c(c1)C=O
2-CHLORO-5-NITROBENZALDEHYDE #2,3.95,Clc(ccc1N(=O)=O)c(c1)C=O
2-CHLORO-6-METHYLBENZONITRILE,15.1,N#Cc1c(Cl)cccc1C
2-BROMO-3-PYRIDINOL,469,n1c(Br)c(O)ccc1
2-CHLORO-3-PYRIDINOL,622,n1c(Cl)c(O)ccc1
TRIPROPARGYLAMINE,296,C#CCN(CC#C)CC#C
"N,N-BIS(2,2-DIETHOXYETHYL)METHYLAMINE #1",637,CCOC(OCC)CN(C)CC(OCC)OCC
"N,N-BIS(2,2-DIETHOXYETHYL)METHYLAMINE #2",634,CCOC(OCC)CN(C)CC(OCC)OCC
"1,4-BIS(3-AMINOPROPYL)PIPERAZINE",3100,NCCCN1CCN(CCCN)CC1
"3-HYDROXY-3,7,11-TRIMETHYL-1,6,10-DODECATRIENE",1.43,OC(C=C)(C)CCC=C(C)CCC=C(C)C
1-(2-CHLOROETHYL)PYRROLIDINE.HCL,153,ClCCN1CCCC1
N-UNDECYLAMINE,0.21,CCCCCCCCCCCN
1-HEPTYN-3-OL,1.76,C#CC(O)CCCC
DEMETON,16,CCOP(=O)(OCC)SCCSCC
P-ETHOXYBENZALDEHYDE,28.1,c1(C=O)ccc(OCC)cc1
[1(R)-ENDO]-(+)-3-BROMOCAMPHOR,68.5,O=C(C(C(C1C2)(C)C)(C2)C)C1Br
RESMETHRIN,0.00616,CC(C)=CC1C(C)(C)C1C(=O)OCC2=COC(Cc3ccccc3)=C2
TERBUFOS (COUNTER),0.0133,CCOP(=S)(OCC)SCSC(C)(C)C
"A,A,A',A'-TETRABROMO-O-XYLENE",0.437,BrC(Br)c1c(C(Br)Br)cccc1
"2',3',4'-TRICHLOROACETOPHENONE",2,c1c(C(=O)C)c(Cl)c(Cl)c(Cl)c1
"2',3',4'-TRIMETHOXYACETOPHENONE #2",229,c1(OC)c(OC)c(OC)ccc1C(=O)C
"2',3',4'-TRIMETHOXYACETOPHENONE #1",172,c1(OC)c(OC)c(OC)ccc1C(=O)C
DIETHYL CHLOROMALONATE,0.95,CCOC(=O)C(Cl)C(=O)OCC
N-ETHYLBENZYLAMINE,57.1,CCNCc1ccccc1
4-BROMOPHENYL 3-PYRIDYL KETONE,20.4,c1cc(Br)ccc1C(=O)c2cccnc2
4-BENZOYLPYRIDINE,103,c1ccccc1C(=O)c2ccncc2
"2,2,5,5-TETRAMETHYLTETRAHYDROFURAN",168,CC1(C)CCC(C)(C)O1
3-HYDROXY-2-NITROPYRIDINE,167,n1c(N(=O)=O)c(O)ccc1
ALACHLOR,5,c1(CC)cccc(CC)c1N(COC)C(=O)CCl
4-OCTYLANILINE,0.12,Nc1ccc(CCCCCCCC)cc1
METHOMYL (LANNATE),2.11,CSC(C)=NOC(=O)NC
6-CHLORO-2-PYRIDINOL,214,n1c(O)cccc1Cl
"3-AMINO-5,6-DIMETHYL-1,2,4-TRIAZINE",952,Nc1nnc(C)c(C)n1
"4-BROMO-2',4'-DINITRODIPHENYL ETHER",-99,c1cc(N(=O)=O)cc(N(=O)=O)c1Oc2ccc(Br)cc2
4-(DIETHYLAMINO)SALICYLALDEHYDE,5.36,O=Cc1ccc(N(CC)CC)cc1O
6-CHLORO-2-PICOLINE,232,n1c(C)cccc1Cl
"3,6-DIMETHYL-1-HEPTYN-3-OL",49,C#CC(C)(O)CCC(C)C
"2,4,5-TRIMETHYLOXAZOLE",449,CC1=C(C)OC(C)=N1
4-DIMETHYLAMINO-3-METHYL-2-BUTANONE,8.5,CC(=O)C(C)CN(C)C
4-CHLORO-M-TOLYL-P-NITROPHENYL ETHER,-99,c1cc(N(=O)=O)ccc1Oc2cc(C)c(Cl)cc2
M-BROMOBENZAMIDE,92.7,c1ccc(Br)cc1C(=O)N
OXAMYL #1,8.3,CN(C)C(=O)C(SC)=NOC(=O)NC
OXAMYL #2,5.44,CN(C)C(=O)C(SC)=NOC(=O)NC
"2,6-DIISOPROPYLANILINE #1",14.2,Nc1c(C(C)C)cccc1C(C)C
"2,6-DIISOPROPYLANILINE #2",16.5,Nc1c(C(C)C)cccc1C(C)C
OCTACHLOROSTYRENE,-99,ClC(Cl)=C(Cl)c1c(Cl)c(Cl)c(Cl)c(Cl)c1Cl
"2-METHYL-3,3,4,4-TETRAFLUORO-2-BUTANOL",582,CC(C)(O)C(F)(F)C(F)F
CHLOROMETHYL STYRENE,0.31,C=Cc1ccc(CCl)cc1
(+-)-SEC-BUTYLAMINE,275,CCC(N)C
"N-(3-METHOXYPROPYL)-3,4,5-TRIMETHOXYBENZYLAMINE",136,COCCCNCc1cc(OC)c(OC)c(OC)c1
2-(BROMOMETHYL)TETRAHYDRO-2H-PYRAN,205,BrCC1OCCCC1
4-DECYLANILINE,0.062,Nc1ccc(CCCCCCCCCC)cc1
4-HEXYLOXYANILINE #1  (NOMINAL CONC.),2.8,Nc1ccc(OCCCCCC)cc1
4-HEXYLOXYANILINE #2,3.23,Nc1ccc(OCCCCCC)cc1
METHYL 4-CHLORO-2-NITROBENZOATE,27.7,c1(N(=O)=O)cc(Cl)ccc1C(=O)OC
5-HYDROXY-2-NITROBENZALDEHYDE,41.9,c1(C=O)c(N(=O)=O)ccc(O)c1
FENVALERATE #1 (PYDRIN),0.0051,c1cc(Cl)ccc1C(C(C)C)C(=O)OC(C#N)c2cccc(Oc3ccccc3)c2
FENVALERATE #2 (PYDRIN),0.00042,c1cc(Cl)ccc1C(C(C)C)C(=O)OC(C#N)c2cccc(Oc3ccccc3)c2
PERMETHRIN,0.016,c1ccc(Oc2ccccc2)cc1COC(=O)C3C(C)(C)C3C=C(Cl)Cl
"3,8-DITHIADECANE",6.06,CCSCCCCSCC
2'-(OCTYLOXY)-ACETANILIDE,0.45,CCCCCCCCOc1ccccc1NC(=O)C
P-(TERT-BUTYL)BENZAMIDE,31.9,c1cc(C(C)(C)(C))ccc1C(=O)N
"2,9-DITHIADECANE",10.1,CSCCCCCCSC
DL-3-BUTYN-2-OL,11.7,CC(O)C#C
"TRIS(2,3-DIMETHYLPHENYL) PHOSPHATE",-99,c1(C)c(C)cccc1OP(=O)(Oc2c(C)c(C)ccc2)Oc3c(C)c(C)ccc3
1-BENZYLPYRIDINIUM 3-SULFONATE,2410,c1ccccc1Cn{+1}2cccc(S(=O)(=O)O{-1})c2
3-(4-TERT-BUTYLPHENOXY)BENZALDEHYDE,0.37,c1cc(C(C)(C)C)ccc1Oc2cccc(C=O)c2
FLUCYTHRINATE,0.00019,CC(C)C(C(=O)OC(C#N)c2cccc(Oc1ccccc1)c2)c3ccc(OC(F)F)cc3
"TRIS(2,6-DICHLOROPHENYL) PHOSPHATE",-99,Clc1cccc(Cl)c1OP(=O)(Oc2c(Cl)cccc2Cl)Oc3c(Cl)cccc3Cl
"3-(3,4-DICHLOROPHENOXY)BENZALDEHYDE",0.3,c1c(C=O)cccc1Oc2cc(Cl)c(Cl)cc2
"2,4-DINITRO-1-NAPHTHOL SODIUM SALT (MARTIUS YELLOW)",4.24,Oc1c(N(=O)=O)cc(N(=O)=O)c2ccccc12
